post_date,verified,resultid,submittingmemberid,submittingplayerid,winner1id,win1_utr,win1_verutr,loser1id,los1_utr,los1_verutr,score,gamesplayed,finalized
2019-04-23,myutr,15530404,38688,362058,67851,8.93,8.89,362058,9.18,9.22,"6-7, 7-6, 7-6",39,1
2019-04-25,myutr,15589559,52343,122164,122164,,6.82,1191506,10.0,0.0,"7-6, 6-7, 7-6",39,1
2019-04-23,myutr,15530491,89403,841361,841363,4.58,4.59,841361,4.57,4.57,"7-6, 4-6, 7-6",36,1
2019-04-24,myutr,15566628,77756,664272,664272,,3.67,555018,,2.57,"6-7, 7-6, 6-3",35,1
2019-04-22,myutr,15530255,20175,191755,153514,7.32,7.43,191755,5.81,5.71,"7-6, 3-6, 7-6",35,1
2019-04-22,myutr,15530132,127050,279980,279980,7.91,8.12,750231,8.08,8.17,"4-6, 7-5, 7-6",35,1
2019-04-23,myutr,15537146,55946,126655,126655,,10.54,101885,,11.07,"6-7, 7-5, 6-4",35,1
2019-04-23,myutr,15537625,79812,190936,190936,7.79,7.8,298355,8.39,8.07,"4-6, 7-5, 7-6",35,1
2019-04-24,myutr,15567958,68928,734549,734549,,12.02,773056,,10.26,"6-7, 7-6, 6-2",34,1
2019-04-23,myutr,15537755,28485,229800,229800,,5.59,293152,,5.9,"7-6, 2-6, 7-6",34,1
2019-04-22,myutr,15529908,192325,1356979,1356979,7.0,0.0,1356982,,,"2-6, 7-6, 7-6",34,0
2019-04-24,myutr,15585624,195221,1359950,119597,,9.97,1359950,11.0,0.0,"6-3, 5-7, 7-6",34,1
2019-04-23,myutr,15533371,156389,275874,275874,10.28,10.27,210411,12.55,12.89,"3-6, 7-6, 7-5",34,1
2019-04-26,myutr,15604429,195874,1361353,1361353,5.0,0.0,916798,,1.73,"6-4, 4-6, 7-6",33,1
2019-04-22,myutr,15530236,194469,1357025,1357025,10.25,0.0,1357024,9.17,0.0,"7-6, 4-6, 6-4",33,1
2019-04-22,myutr,15530120,163077,1254031,800654,10.67,10.68,1254031,9.06,8.82,"6-2, 5-7, 7-6",33,1
2019-04-22,myutr,15530300,82289,217897,217897,6.32,6.31,241118,7.07,7.43,"7-5, 5-7, 6-3",33,1
2019-04-25,myutr,15585959,195417,1360100,1309813,6.0,0.0,1360100,6.0,0.0,"6-4, 6-7, 6-3",32,1
2019-04-25,myutr,15585935,112811,920979,920979,6.0,5.49,573261,,5.87,"4-6, 6-4, 7-5",32,1
2019-04-22,myutr,15530076,95934,1259937,1259937,5.71,5.75,110537,6.86,7.03,"2-6, 7-5, 7-5",32,1
2019-04-23,myutr,15531830,92180,1017546,1279926,7.0,0.0,1017546,6.0,5.87,"3-6, 6-4, 7-6",32,0
2019-04-22,myutr,15530206,70733,1290676,1286593,7.82,7.99,1290676,6.79,6.86,"1-6, 7-6, 7-5",32,1
2019-04-24,myutr,15541548,24819,247620,412060,,7.44,247620,,3.36,"6-4, 5-7, 6-4",32,1
2019-04-24,myutr,15541634,194924,1357686,1352374,7.0,0.0,1357686,10.0,0.0,"4-6, 7-5, 6-4",32,1
2019-04-26,myutr,15598259,107434,900222,900222,2.0,0.0,1013653,,11.68,"6-1, 5-7, 7-6",32,1
2019-04-24,myutr,15541628,88715,839834,839834,5.5,0.0,750652,,,"6-4, 2-6, 7-6",31,1
2019-04-22,myutr,15530185,102380,362581,362581,6.67,6.64,197747,7.85,7.86,"7-6, 0-6, 7-5",31,1
2019-04-26,myutr,15598211,169980,635064,635064,,4.88,854021,9.0,5.81,"4-6, 6-2, 7-6",31,1
2019-04-25,myutr,15585945,69583,129067,129067,,7.34,110988,,9.93,"4-6, 7-5, 6-3",31,1
2019-04-24,myutr,15568181,23968,1309836,273392,,10.45,1309836,,10.41,"6-4, 5-7, 6-3",31,1
2019-04-24,myutr,15585715,135789,996344,996344,8.0,8.19,1199766,8.0,0.0,"6-3, 3-6, 7-6",31,1
2019-04-23,myutr,15537700,28748,190134,190134,,9.89,77470,,9.59,"7-6, 4-6, 6-2",31,1
2019-04-23,myutr,15535149,36356,391273,391273,,5.24,886447,,4.12,"6-7, 6-2, 6-4",31,1
2019-04-22,myutr,15530205,102380,362581,245198,8.42,8.46,362581,6.67,6.64,"6-2, 4-6, 7-6",31,1
2019-04-24,myutr,15585722,162606,265143,265143,,6.67,1253558,,5.37,"6-1, 5-7, 7-5",31,0
2019-04-24,myutr,15585533,156640,950901,950901,5.0,4.42,887913,,4.01,"4-6, 6-4, 6-4",30,0
2019-02-28,myutr,14857935,142190,1024037,1075419,4.32,0.0,1024037,4.15,0.0,"6-4, 4-6, 6-4",30,1
2019-04-25,myutr,15585892,97272,194756,194756,7.94,7.94,1345621,8.0,8.67,"6-3, 5-7, 6-3",30,1
2019-04-22,myutr,15530228,62370,72607,63543,9.93,10.12,72607,9.22,9.5,"3-6, 6-3, 7-5",30,1
2019-04-25,myutr,15597072,186160,844208,844208,,4.17,176163,,7.96,"6-3, 6-7, 6-2",30,1
2019-04-26,myutr,15598284,88128,895230,895230,,2.25,1250154,,3.89,"6-3, 3-6, 7-5",30,1
2019-04-25,myutr,15589558,75201,142186,142186,,5.25,875472,,3.63,"6-3, 3-6, 7-5",30,1
2019-04-24,myutr,15585799,178707,1310020,1310020,6.0,0.0,200228,,4.94,"6-2, 3-6, 7-6",30,1
2019-04-25,myutr,15585905,112811,920979,920979,6.0,5.49,909632,,4.18,"4-6, 6-2, 7-5",30,1
2019-04-26,myutr,15598286,88128,895230,1250154,,3.89,895230,,2.25,"6-4, 4-6, 6-4",30,1
2019-04-22,myutr,15530219,153345,1191378,1191378,16.0,0.0,1191382,14.81,0.0,"6-4, 6-7, 6-1",30,1
2019-04-24,myutr,15552149,62370,72607,748335,,10.3,72607,9.22,9.5,"7-5, 2-6, 6-4",30,1
2019-04-23,myutr,15535161,188141,1331148,910887,1.38,1.47,1331148,2.0,0.0,"3-6, 6-4, 7-4",30,1
2019-04-24,myutr,15568159,131535,980226,1358615,,,980226,3.0,0.0,"2-6, 7-5, 6-4",30,0
2019-04-23,myutr,15533152,42672,117599,117599,9.71,9.98,130178,8.71,9.01,"6-2, 5-7, 6-3",29,1
2019-04-24,myutr,15585620,117987,935559,935559,8.0,8.3,795770,,7.9,"3-6, 6-2, 7-5",29,1
2019-04-22,myutr,15530267,20175,191755,153514,7.32,7.43,191755,5.81,5.71,"1-6, 7-6, 6-3",29,1
2019-04-22,myutr,15530092,95114,1309852,669151,10.87,10.97,1309852,9.25,9.26,"6-2, 3-6, 7-5",29,1
2019-04-24,myutr,15552130,194506,1357045,1357040,,,1357045,5.0,0.0,"7-5, 4-6, 6-1",29,0
2019-04-24,myutr,15568192,194503,1357040,1357040,,,1357045,5.0,0.0,"7-5, 4-6, 6-1",29,1
2019-04-24,myutr,15552152,62370,72607,72607,9.22,9.5,893597,,8.49,"3-6, 6-1, 7-6",29,1
2019-04-22,myutr,15530168,153345,1191378,1191378,16.0,0.0,1191382,14.81,0.0,"7-6, 1-6, 6-3",29,1
2019-04-23,myutr,15530450,112906,921190,921190,5.32,5.29,850824,4.6,4.44,"6-1, 4-6, 7-5",29,1
2019-04-25,myutr,15585907,112811,920979,920979,6.0,5.49,909635,,4.69,"6-2, 4-6, 7-4",29,1
2019-04-23,myutr,15537678,33051,94302,94302,,8.42,151670,,8.38,"6-7, 6-1, 6-2",28,1
2019-04-23,myutr,15537319,194761,1357540,1229302,5.66,5.32,1357540,16.0,0.0,"6-2, 5-7, 6-2",28,1
2019-04-22,myutr,15530354,157217,916446,916446,6.0,4.92,661869,,5.54,"3-6, 6-3, 6-4",28,0
2019-04-24,myutr,15563654,88975,276180,1075607,,11.09,276180,9.64,9.86,"6-3, 6-7, 6-0",28,0
2019-04-22,myutr,15530198,70733,1290676,1290676,6.79,6.86,249374,,7.68,"2-6, 6-2, 7-5",28,0
2019-04-23,myutr,15535137,18741,837064,837064,,6.75,412882,6.75,6.65,"3-6, 6-3, 6-4",28,1
2019-04-24,myutr,15566472,118922,937062,937062,6.0,0.0,1358471,,,"6-7, 6-2, 6-1",28,0
2019-04-22,myutr,15530210,62991,162679,133506,8.5,8.7,162679,7.28,7.27,"6-3, 4-6, 6-3",28,1
2019-04-23,myutr,15535162,37567,316064,316064,,7.69,1349014,,7.08,"6-4, 2-6, 6-3",27,0
2019-04-23,myutr,15531348,137932,952160,1330766,6.74,6.62,952160,6.32,6.39,"6-3, 4-6, 6-2",27,1
2019-04-24,myutr,15585827,168603,1304117,1304117,,5.17,944817,,4.71,"6-1, 4-6, 6-4",27,1
2019-04-24,myutr,15541665,163748,1240970,489182,,0.0,1240970,,4.51,"6-1, 2-6, 7-5",27,0
2019-04-26,myutr,15598343,195803,1360930,1360930,5.0,0.0,233519,,8.47,"9-0, 8-9, 1-0",27,1
2019-04-24,myutr,15585776,9501,70558,66890,,10.19,70558,,10.09,"6-3, 3-6, 6-3",27,1
2019-04-24,myutr,15566672,84689,62241,62241,,8.76,974671,8.5,7.8,"6-4, 4-6, 6-1",27,1
2019-04-22,myutr,15530214,62991,162679,162679,7.28,7.27,119911,6.54,6.52,"6-2, 4-6, 6-3",27,1
2019-04-22,myutr,15530163,163077,1254031,1155142,11.11,11.21,1254031,9.06,8.82,"6-4, 3-6, 6-2",27,1
2019-04-22,myutr,15530109,27942,118074,118074,10.31,10.29,85675,10.67,10.7,"6-7, 7-6, 1-0",27,1
2019-04-24,myutr,15541644,138969,399665,399665,,6.63,289848,,5.7,"4-6, 6-2, 6-3",27,1
2019-04-23,myutr,15533439,175213,219206,219206,,9.33,203213,,11.04,"6-2, 3-6, 6-4",27,1
2019-04-23,myutr,15537035,97370,970544,970544,7.0,5.46,1313397,1.0,6.07,"6-7, 7-5, 1-0",26,1
2019-04-22,myutr,15530123,188141,1331148,1331148,2.0,0.0,1357690,3.0,0.0,"3-6, 6-4, 6-1",26,1
2019-04-23,myutr,15537751,135789,996344,996344,8.0,8.19,1198169,7.0,0.0,"7-5, 6-4, 3-1",26,1
2019-04-24,myutr,15566673,84689,62241,282638,,9.39,62241,,8.76,"6-2, 3-6, 6-3",26,1
2019-04-22,myutr,15530144,14314,89147,89147,10.79,10.94,1290692,10.93,11.13,"1-6, 7-5, 6-1",26,1
2019-04-24,myutr,15585731,146043,856755,856755,10.0,3.38,815736,5.0,4.21,"6-4, 3-6, 6-1",26,1
2019-04-24,myutr,15563661,25085,158294,158294,,12.49,734549,,12.02,"6-1, 6-7, 6-0",26,1
2019-04-23,myutr,15536869,16321,219768,219768,,12.3,83169,,12.59,"7-6, 7-6",26,1
2019-04-24,myutr,15564735,163540,356918,355773,,0.0,356918,8.0,0.0,"6-4, 2-6, 6-2",26,0
2019-04-24,myutr,15585732,138017,396527,270017,,11.01,396527,11.0,10.45,"3-6, 6-3, 6-2",26,0
2019-04-22,myutr,15529895,66916,714603,714603,9.1,9.45,793483,9.59,10.03,"6-1, 0-6, 7-6",26,1
2019-04-24,myutr,15541681,84134,140465,132974,,6.49,140465,,5.67,"7-6, 7-6",26,1
2019-04-25,myutr,15586225,72317,192971,134541,,9.16,192971,,7.58,"6-3, 2-6, 6-3",26,1
2019-04-26,myutr,15604321,93883,852379,852379,6.0,5.55,880542,,0.0,"6-1, 5-7, 6-1",26,0
2019-04-24,myutr,15566676,105288,893606,816924,,0.0,893606,6.0,5.38,"7-6, 5-7, 1-0",26,0
2019-04-25,myutr,15589359,123481,827356,827356,5.0,4.73,909547,6.5,5.19,"6-7, 7-5, 1-0",26,1
2019-04-24,myutr,15563659,140216,1017062,1017062,9.0,6.17,938635,9.0,8.3,"7-6, 7-6",26,1
2019-04-26,myutr,15603925,93883,852379,852379,6.0,5.55,880542,,0.0,"3-6, 6-3, 6-2",26,0
2019-04-24,myutr,15563628,63817,237795,251417,9.0,7.97,237795,,8.77,"5-7, 7-6, 1-0",26,1
2019-04-26,myutr,15598265,67522,191250,191250,9.39,9.35,123488,,8.84,"6-3, 4-6, 6-1",26,1
2019-04-22,myutr,15529900,144731,1244288,1244288,1.09,0.0,1042131,1.44,0.0,"5-7, 7-5, 1-0",25,1
2019-04-25,myutr,15586221,72317,192971,134541,,9.16,192971,,7.58,"3-6, 6-2, 6-2",25,1
2019-04-23,myutr,15537331,22099,533893,533893,,5.21,260792,,5.32,"1-6, 6-4, 6-2",25,1
2019-04-24,myutr,15537806,20547,181919,1009367,7.0,6.83,181919,5.88,5.86,"3-6, 6-1, 6-3",25,1
2019-04-22,myutr,15530128,163077,1254031,891220,10.06,10.09,1254031,9.06,8.82,"7-6, 7-5",25,1
2019-04-24,myutr,15566050,118922,937062,937062,6.0,0.0,1358471,,,"1-6, 6-3, 6-3",25,0
2019-04-24,myutr,15566671,69449,915279,915279,11.0,8.25,281301,,11.68,"6-2, 1-6, 6-4",25,0
2019-04-23,myutr,15530415,35648,412882,842421,7.5,7.84,412882,6.75,6.65,"5-7, 7-5, 1-0",25,1
2019-04-24,myutr,15541540,139385,1013155,1357684,,,1013155,5.0,4.38,"2-6, 6-3, 6-2",25,0
2019-04-24,myutr,15585780,145115,920401,895984,,4.38,920401,5.0,2.83,"4-6, 6-1, 6-2",25,1
2018-11-13,myutr,13682108,97922,862588,975853,5.29,0.0,862588,4.58,0.0,"4-6, 6-2, 6-1",25,1
2019-04-22,myutr,15529891,67522,191250,191250,9.39,9.35,189272,9.37,9.41,"6-3, 2-6, 6-2",25,1
2019-04-24,myutr,15563635,88641,981432,981432,8.0,6.28,270341,,7.0,"6-2, 1-6, 6-4",25,1
2019-04-25,myutr,15598162,195683,1360857,1008556,12.0,12.87,1360857,13.0,0.0,"6-2, 4-6, 6-1",25,1
2019-04-26,myutr,15604054,93883,852379,852379,6.0,5.55,880542,,0.0,"6-3, 6-3, 6-1",25,0
2019-04-23,myutr,15530446,112906,921190,290059,6.65,6.7,921190,5.32,5.29,"6-2, 4-6, 6-1",25,1
2019-04-24,myutr,15552132,167041,1283407,1283407,5.0,0.0,896473,8.5,0.0,"4-6, 6-0, 6-3",25,1
2019-04-23,myutr,15535075,18741,837064,66659,,7.9,837064,,6.75,"6-4, 6-7, 1-0",24,1
2019-04-24,myutr,15585838,195345,1360076,1360076,3.0,0.0,1360077,,,"2-3, 6-3, 7-3",24,0
2019-04-24,myutr,15568364,99782,875601,875601,6.0,0.0,403734,,4.84,"7-5, 7-5",24,0
2019-04-24,myutr,15563631,188235,366498,366498,,4.21,172954,,4.88,"4-6, 7-6, 1-0",24,1
2019-04-23,myutr,15534820,74976,254694,254694,,4.55,381957,,3.48,"3-6, 6-3, 6-0",24,1
2019-04-26,myutr,15603721,93883,852379,852379,6.0,5.55,880542,,0.0,"3-6, 6-3, 6-0",24,0
2019-04-23,myutr,15530452,76088,263684,404437,,11.31,263684,,9.24,"7-5, 7-5",24,0
2019-04-24,myutr,15553232,62370,72607,72607,9.22,9.5,992815,,8.99,"7-5, 7-5",24,1
2019-04-26,myutr,15598219,69640,251579,381949,,5.69,251579,5.32,5.21,"7-5, 7-5",24,1
2019-04-23,myutr,15530388,79278,390007,1032451,6.07,6.42,390007,5.32,5.43,"6-4, 6-7, 1-0",24,1
2019-04-22,myutr,15530242,148739,1086062,1357025,10.25,0.0,1086062,9.66,0.0,"4-6, 7-6, 1-0",24,1
2019-04-24,myutr,15568034,162612,657448,657448,10.0,8.57,116194,,9.63,"6-2, 1-6, 6-3",24,1
2019-04-22,myutr,15530118,14338,215604,215604,4.94,4.76,695479,5.48,5.53,"3-6, 6-2, 4-3",24,1
2019-04-24,myutr,15577602,123170,367648,367648,8.0,3.25,374199,3.85,3.92,"7-5, 6-6",24,1
2019-04-24,myutr,15585809,168603,1304117,1304117,,5.17,661961,6.0,5.51,"7-6, 6-4",23,1
2019-04-23,myutr,15530366,9616,125857,125857,7.7,7.57,225339,9.12,9.17,"6-3, 6-7, 1-0",23,1
2019-04-22,myutr,15530222,151892,787094,295997,6.86,6.93,787094,5.07,4.99,"6-4, 5-7, 1-0",23,1
2019-04-24,myutr,15585786,145115,920401,192838,,5.27,920401,5.0,2.83,"6-4, 7-6",23,1
2019-04-22,myutr,15530154,70964,392267,956386,7.51,7.56,392267,6.2,6.19,"2-6, 6-0, 6-3",23,1
2019-04-26,myutr,15598208,102132,882682,882682,8.0,6.12,234128,,6.9,"3-6, 6-2, 6-0",23,1
2019-04-24,myutr,15563644,74888,1013671,1013671,,5.87,1358275,,,"7-5, 4-6, 1-0",23,0
2019-04-25,myutr,15597097,195683,1360857,1360857,13.0,0.0,85588,,12.53,"6-4, 7-6",23,1
2019-04-23,myutr,15537654,130414,407225,935578,5.0,4.42,407225,4.0,4.07,"7-6, 3-6, 1-0",23,1
2019-04-22,myutr,15529606,56961,242512,276519,12.23,12.61,242512,10.61,10.91,"6-4, 7-6",23,0
2019-04-24,myutr,15585755,69425,398744,398744,6.29,6.28,200501,12.0,7.12,"7-5, 4-6, 1-0",23,1
2019-04-22,myutr,15530153,130541,1233492,1233492,11.96,12.09,47068,12.29,12.69,"6-4, 7-6",23,1
2019-04-24,myutr,15541649,79520,256391,256391,,6.14,1254132,,6.89,"7-6, 3-6, 1-0",23,1
2019-04-23,myutr,15537145,85988,452274,733097,,0.0,452274,,2.39,"6-7, 6-3, 1-0",23,1
2019-01-05,myutr,14331895,7802,50801,85783,11.48,11.74,50801,12.2,12.6,"3-6, 6-3, 4-1",23,1
2019-04-25,myutr,15589190,12917,123024,85572,,10.65,123024,,9.31,"5-7, 6-4, 1-0",23,1
2019-04-24,myutr,15557605,169218,1287755,1287755,5.0,0.0,943309,1.0,3.59,"7-6, 6-4",23,1
2019-04-23,myutr,15530444,47670,1025907,139331,10.04,10.05,1025907,9.63,9.6,"7-6, 6-4",23,1
2019-04-22,myutr,15530218,151892,787094,295997,6.86,6.93,787094,5.07,4.99,"6-4, 5-7, 1-0",23,1
2019-04-22,myutr,15529907,194415,276519,276519,12.23,12.61,242512,10.61,10.91,"6-4, 7-6",23,1
2019-04-23,myutr,15531837,187002,223092,223092,10.64,10.96,774543,10.69,11.06,"6-4, 7-6",23,1
2019-04-24,myutr,15541684,4900,85794,122510,,10.92,85794,10.3,10.29,"7-6, 6-4",23,1
2019-04-22,myutr,15530245,145078,377321,1357030,7.58,6.1,377321,4.73,4.73,"6-7, 6-3, 1-0",23,1
2019-04-24,myutr,15574129,109659,224317,170118,,8.76,224317,,5.9,"7-6, 3-6, 1-0",23,1
2019-04-23,myutr,15531853,159412,430306,343120,,8.68,430306,12.0,7.79,"7-6, 6-4",23,0
2019-04-23,myutr,15533390,181733,658684,658684,2.54,0.0,1333433,4.02,4.14,"6-7, 6-4",23,1
2019-04-23,myutr,15537153,61957,664352,277961,,12.02,664352,,12.93,"7-5, 6-4",22,1
2019-04-24,myutr,15585603,35300,163298,85603,11.0,10.65,163298,,9.06,"7-6, 6-3",22,1
2019-04-23,myutr,15530371,9616,125857,161056,8.51,8.56,125857,7.7,7.57,"7-6, 2-6, 1-0",22,1
2019-04-22,myutr,15530357,161473,977045,977045,6.14,6.13,462735,,5.72,"7-5, 6-4",22,0
2019-04-22,myutr,15530156,86968,243137,393293,8.67,8.67,243137,8.49,8.47,"6-4, 7-5",22,1
2019-04-24,myutr,15585822,168603,1304117,1304117,,5.17,661961,6.0,5.51,"3-6, 7-5, 1-0",22,1
2019-04-24,myutr,15566675,194802,1357559,1357559,11.0,0.0,768438,,9.84,"7-5, 6-4",22,1
2019-04-25,myutr,15585937,112811,920979,275116,,4.87,920979,6.0,5.49,"6-3, 7-6",22,1
2019-04-22,myutr,15530223,190716,313675,309553,8.25,8.33,313675,7.74,7.68,"6-4, 7-5",22,1
2019-04-25,myutr,15585889,121793,667442,667442,5.0,5.01,218409,,4.62,"7-5, 6-4",22,1
2019-04-23,myutr,15534063,134891,634859,634859,8.0,6.96,141120,,7.81,"7-5, 3-6, 0-1",22,1
2019-04-24,myutr,15537784,86918,189041,189041,,5.07,226415,,5.64,"6-4, 7-5",22,1
2019-04-24,myutr,15541695,31284,393669,393669,9.0,8.38,359757,,8.48,"6-7, 6-2, 1-0",22,1
2019-04-23,myutr,15537013,11186,171947,125836,,7.49,171947,,7.29,"7-5, 6-4",22,1
2019-04-23,myutr,15537710,115236,743374,201023,,6.94,743374,8.0,6.63,"6-3, 5-7, 1-0",22,1
2019-04-22,myutr,15530251,24869,128983,128983,9.64,9.67,106104,10.31,10.44,"6-4, 7-5",22,1
2019-04-22,myutr,15530281,20175,191755,191755,5.81,5.71,194801,6.47,6.53,"1-6, 6-0, 6-3",22,1
2019-04-25,myutr,15589511,50397,175659,198960,,7.41,175659,,7.99,"7-6, 6-3",22,1
2019-04-23,myutr,15531822,49159,260851,260851,8.05,8.06,895232,8.18,8.22,"6-4, 5-6, 1-0",22,1
2019-04-23,myutr,15537705,18381,185738,170026,,11.07,185738,10.0,9.97,"5-7, 6-3, 1-0",22,1
2019-04-24,myutr,15541676,180926,1241758,1241758,3.0,1.49,1020938,,1.12,"6-3, 7-5, 1-0",22,1
2019-04-23,myutr,15537608,22099,533893,391236,,4.23,533893,,5.21,"7-5, 6-4",22,0
2019-04-24,myutr,15541680,84134,140465,140465,,5.67,132974,,6.49,"7-5, 6-4",22,1
2019-04-23,myutr,15535364,82961,263400,263400,,7.66,163224,,7.28,"6-3, 7-6",22,1
2019-04-24,myutr,15541621,70318,763279,763279,,6.49,229420,,6.55,"6-4, 7-5",22,1
2019-04-25,myutr,15586281,146043,856755,856755,10.0,3.38,225735,,4.12,"6-4, 7-5",22,1
2019-04-24,myutr,15541647,20012,185743,185743,,9.55,936973,12.0,9.76,"6-3, 7-6",22,1
2019-04-24,myutr,15585535,79366,806299,854378,,2.94,806299,,3.55,"7-5, 6-4",22,0
2019-04-22,myutr,15530150,86968,243137,243137,8.49,8.47,98377,8.63,8.69,"6-4, 7-5",22,1
2019-04-22,myutr,15530356,115805,226571,226571,7.3,7.27,174757,7.2,7.23,"7-6, 6-3",22,1
2019-04-26,myutr,15604135,93883,852379,880542,,0.0,852379,6.0,5.55,"6-7, 6-2, 1-0",22,0
2019-04-23,myutr,15537685,62012,157109,1083696,8.0,8.89,157109,,7.81,"7-5, 6-4",22,1
2019-04-23,myutr,15530400,112906,921190,850158,5.56,5.56,921190,5.32,5.29,"5-7, 6-3, 1-0",22,1
2019-04-24,myutr,15552137,5602,192211,775857,,11.51,192211,11.0,8.75,"6-3, 4-6, 3-0",22,1
2019-03-04,myutr,14891688,142190,1024037,1024037,4.15,0.0,1303156,3.8,0.0,"6-4, 6-6",22,1
2019-04-23,myutr,15531838,159784,799147,155403,2.96,0.0,799147,5.3,4.83,"5-7, 6-3, 1-0",22,1
2019-04-26,myutr,15604438,193262,843617,927916,,6.7,843617,,6.41,"7-5, 6-4",22,1
2019-04-24,myutr,15546089,99980,876015,876015,6.0,0.0,848767,5.0,3.86,"7-5, 6-4",22,1
2019-03-04,myutr,14891689,142190,1024037,1024037,4.15,0.0,1303156,3.8,0.0,"6-3, 7-6",22,1
2019-04-24,myutr,15541703,69268,822088,822088,,8.28,291683,,6.52,"7-5, 3-6, 1-0",22,1
2019-04-24,myutr,15552151,62370,72607,72607,9.22,9.5,410671,,7.02,"6-3, 7-6",22,1
2019-04-23,myutr,15537703,71939,216126,216126,7.51,7.52,249738,7.63,7.69,"7-5, 6-4",22,1
2019-04-22,myutr,15530213,28328,166309,128983,9.64,9.67,166309,9.06,9.21,"6-3, 7-6",22,1
2019-04-24,myutr,15541626,27998,206958,206958,,7.67,110074,,8.36,"6-4, 7-5",22,1
2019-04-22,myutr,15530240,8605,615738,615738,9.89,10.14,108526,9.7,10.05,"7-5, 6-4",22,1
2019-04-23,myutr,15535169,188141,1331148,1331148,2.0,0.0,1357428,,,"7-5, 6-4",22,0
2019-04-24,myutr,15585611,77744,652675,652675,11.0,5.36,819427,,6.6,"6-4, 7-5",22,1
2019-04-24,myutr,15568116,68928,734549,734549,,12.02,199131,,11.28,"7-6, 6-3",22,1
2019-04-23,myutr,15537016,182045,844203,844203,3.0,2.35,555018,,2.57,"7-5, 3-6, 1-0",22,1
2019-04-25,myutr,15586279,146043,856755,856755,10.0,3.38,848005,,3.58,"6-4, 7-5",22,0
2019-04-24,myutr,15541663,27998,206958,206958,,7.67,284273,,7.24,"6-2, 6-7, 1-0",22,1
2019-04-24,myutr,15541638,170374,497083,364947,,6.23,497083,,5.43,"6-2, 7-6",21,1
2019-04-22,myutr,15530309,85784,234490,234490,7.92,7.88,99416,9.24,9.31,"7-6, 6-2",21,1
2019-04-24,myutr,15563639,117643,370997,370997,7.0,7.37,806320,,6.94,"4-6, 6-4, 1-0",21,1
2019-04-24,myutr,15541672,46171,945466,112421,,8.99,945466,9.0,8.28,"6-3, 7-5",21,1
2019-04-22,myutr,15530114,110077,1087954,1087954,5.3,5.26,953549,5.42,5.68,"5-7, 6-2, 1-0",21,1
2019-04-25,myutr,15585947,108467,1093380,1093380,8.0,5.54,412032,16.0,6.35,"4-3, 1-4, 7-2",21,1
2019-04-25,myutr,15585898,92737,847082,903379,6.0,0.0,847082,6.0,4.55,"6-7, 6-1, 1-0",21,1
2019-04-24,myutr,15585821,168603,1304117,1304117,,5.17,1296066,7.0,4.04,"6-2, 7-6",21,1
2019-04-23,myutr,15533228,42672,117599,130178,8.71,9.01,117599,9.71,9.98,"6-3, 7-5",21,1
2019-04-22,myutr,15530234,52358,104402,96451,9.89,9.91,104402,9.81,9.88,"7-5, 6-3",21,1
2019-04-24,myutr,15541620,64663,701905,701905,,9.61,42320,,10.4,"3-6, 6-4, 1-1",21,1
2019-04-23,myutr,15537704,71939,216126,216126,7.51,7.52,100563,8.1,8.14,"6-2, 7-6",21,1
2019-04-25,myutr,15586274,60727,151933,151933,,8.26,160957,,8.58,"6-3, 7-5",21,1
2019-04-23,myutr,15537158,151653,886815,886815,7.0,4.21,750884,,,"1-6, 7-6, 1-0",21,0
2019-04-23,myutr,15530391,28591,777715,994612,10.67,10.94,777715,10.04,10.39,"7-6, 6-2",21,1
2019-04-24,myutr,15553234,22518,252160,252160,,7.97,248991,,7.37,"6-2, 7-6",21,1
2019-04-24,myutr,15585713,32897,142252,154841,,7.73,142252,,6.74,"6-1, 0-6, 6-2",21,1
2019-04-26,myutr,15598339,195803,1360930,1360930,5.0,0.0,233519,,8.47,"7-0, 7-0, 7-0",21,1
2019-04-22,myutr,15530220,34781,236698,236698,8.8,8.8,118158,8.7,8.71,"6-4, 4-6, 1-0",21,1
2019-04-22,myutr,15529901,113662,202364,202364,9.71,9.94,86408,9.56,9.84,"7-5, 6-3",21,1
2019-04-25,myutr,15585980,112646,100319,100319,14.0,10.18,100333,,9.43,"7-5, 6-3",21,1
2019-04-26,myutr,15600042,195803,1360930,1360930,5.0,0.0,233519,,8.47,"7-0, 7-0, 7-0",21,1
2019-04-24,myutr,15566540,118922,937062,1358471,,,937062,6.0,0.0,"6-2, 7-6",21,0
2019-04-23,myutr,15537154,58868,374099,269956,,8.08,374099,5.46,5.45,"1-6, 6-1, 6-1",21,1
2019-04-24,myutr,15585728,138017,396527,396527,11.0,10.45,262495,,10.18,"7-6, 6-2",21,1
2019-04-25,myutr,15589355,78062,194219,194219,9.0,9.22,393342,,9.59,"5-7, 6-2, 1-0",21,1
2019-04-24,myutr,15585720,135789,996344,996344,8.0,8.19,996348,7.99,8.26,"2-6, 7-6",21,1
2019-04-23,myutr,15530399,170736,129390,129390,6.48,6.31,652602,6.38,6.31,"7-5, 6-3",21,1
2019-04-23,myutr,15537164,81694,434528,434528,,4.32,971422,6.0,0.0,"1-6, 6-1, 6-1",21,1
2019-04-22,myutr,15530106,18381,185738,185738,10.0,9.97,187875,10.39,10.52,"7-5, 6-3",21,1
2019-04-24,myutr,15541662,115382,124393,124393,,6.53,228036,,6.67,"6-4, 4-6, 1-0",21,1
2019-04-24,myutr,15563633,75006,1330710,1330710,,5.83,210945,,7.41,"6-3, 7-5",21,1
2019-04-26,myutr,15604425,195874,1361353,1361353,5.0,0.0,916798,,1.73,"6-4, 4-6, 1-0",21,1
2019-04-24,myutr,15557615,169218,1287755,892857,6.5,4.03,1287755,5.0,0.0,"7-5, 6-2",20,1
2019-04-25,myutr,15585951,29108,206996,136643,,8.78,206996,,7.27,"7-6, 6-1",20,1
2019-04-23,myutr,15537156,151653,886815,770737,,4.11,886815,7.0,4.21,"7-6, 6-1",20,0
2019-04-24,myutr,15541637,170374,497083,497083,,5.43,364959,,4.38,"6-2, 7-5",20,1
2019-04-25,myutr,15585988,136108,974915,410713,,11.38,974915,10.0,9.32,"7-5, 6-2",20,0
2019-04-24,myutr,15563658,125408,744070,404529,,11.48,744070,11.0,10.26,"6-1, 7-6",20,0
2019-01-05,myutr,14328558,7802,50801,50801,12.2,12.6,77908,11.14,11.39,"6-4, 6-4",20,1
2019-04-23,myutr,15530466,133316,152352,143947,8.93,9.06,152352,8.52,8.53,"6-3, 4-6, 1-0",20,1
2019-04-24,myutr,15557610,169218,1287755,1287755,5.0,0.0,1093435,3.0,2.54,"6-4, 6-4",20,1
2019-04-24,myutr,15563640,117643,370997,446103,,6.93,370997,7.0,7.37,"6-2, 7-5",20,1
2019-04-24,myutr,15563632,143029,165134,165134,8.0,6.95,800657,,8.31,"6-4, 6-4",20,1
2019-04-24,myutr,15585771,19508,837733,837733,,9.37,100581,11.0,10.11,"6-4, 5-5",20,1
2019-04-23,myutr,15531816,51226,404783,59532,11.82,12.2,404783,9.78,10.03,"6-4, 6-4",20,1
2019-04-23,myutr,15533233,33290,189911,68822,9.85,9.88,189911,8.85,8.85,"7-5, 6-2",20,1
2019-04-23,myutr,15530428,26469,190218,190218,6.46,6.59,249738,7.63,7.69,"6-4, 6-4",20,1
2019-04-22,myutr,15530230,28196,136474,136474,6.42,6.65,250852,,6.96,"6-4, 6-4",20,1
2019-04-23,myutr,15531826,24636,120926,120926,10.22,10.22,786464,10.1,10.1,"3-6, 6-4, 1-0",20,1
2019-04-23,myutr,15537740,43578,293152,154292,,7.78,293152,,5.9,"7-5, 6-2",20,1
2019-04-22,myutr,15530284,58838,126336,126336,8.89,8.94,836864,8.46,8.66,"6-1, 7-6",20,1
2019-04-23,myutr,15530432,11888,449350,449350,8.43,8.14,1194200,10.33,10.49,"7-5, 6-2",20,1
2019-04-24,myutr,15585531,72843,312976,312976,,7.93,310783,9.0,7.98,"7-5, 6-2",20,1
2019-04-22,myutr,15530259,70007,756427,200223,6.4,6.38,756427,6.79,6.75,"3-6, 6-4, 1-0",20,1
2019-04-24,myutr,15537796,69640,251579,251579,5.32,5.21,116075,5.32,5.36,"7-5, 6-2",20,1
2019-04-24,myutr,15541633,92640,846903,846903,8.0,0.0,156491,,5.62,"7-5, 6-2",20,1
2019-04-24,myutr,15585741,114441,957111,957111,2.0,3.21,922032,5.0,4.29,"6-4, 6-4",20,1
2019-04-23,myutr,15537148,55946,126655,102167,,11.76,126655,,10.54,"7-6, 6-1",20,1
2019-04-23,myutr,15530402,76479,473586,473586,6.71,6.28,243315,6.7,7.13,"6-1, 7-6",20,1
2019-04-22,myutr,15530133,42321,99738,115464,8.57,8.58,99738,7.84,7.71,"6-4, 6-4",20,1
2019-04-23,myutr,15531833,159784,799147,799147,5.3,4.83,168194,4.82,4.83,"6-4, 6-4",20,1
2019-04-24,myutr,15552148,62370,72607,363505,,11.18,72607,9.22,9.5,"6-2, 7-5",20,1
2019-04-23,myutr,15533141,46236,242274,207301,1.0,0.0,242274,3.09,0.0,"6-4, 6-4",20,1
2019-04-26,myutr,15604403,93883,852379,222720,,0.0,852379,6.0,5.55,"6-4, 6-4",20,0
2019-04-23,myutr,15531840,159784,799147,168312,6.3,6.32,799147,5.3,4.83,"6-4, 6-4",20,1
2019-04-25,myutr,15585955,29108,206996,206996,,7.27,117574,,7.57,"6-4, 6-4",20,1
2019-04-24,myutr,15563642,119204,1309282,368427,,5.9,1309282,11.0,5.41,"7-6, 6-1",20,0
2019-04-25,myutr,15585946,79425,175320,175320,,5.6,1320071,,6.57,"6-4, 3-6, 1-0",20,1
2019-04-26,myutr,15600839,45506,820655,820655,,7.93,143660,8.0,7.95,"4-6, 6-3, 1-0",20,1
2019-04-22,myutr,15530186,86968,243137,188222,8.83,8.82,243137,8.49,8.47,"7-5, 6-2",20,1
2019-04-25,myutr,15585939,112811,920979,920979,6.0,5.49,1298143,4.44,0.0,"6-2, 7-5",20,1
2019-04-10,myutr,15321110,142190,1024037,1024037,4.15,0.0,1075423,3.64,0.0,"6-4, 6-4",20,1
2019-04-23,myutr,15537693,155134,790271,790271,,4.55,892851,,5.05,"6-4, 3-6, 1-0",20,1
2019-04-24,myutr,15541624,70318,763279,218667,,8.6,763279,,6.49,"6-4, 6-4",20,1
2019-04-22,myutr,15529887,87731,218629,156184,10.16,10.18,218629,9.38,9.35,"6-4, 6-4",20,1
2019-04-24,myutr,15541670,8522,119763,119763,,9.5,945466,9.0,8.28,"6-4, 6-4",20,1
2019-04-25,myutr,15585984,112646,100319,100319,14.0,10.18,100333,,9.43,"6-4, 6-4",20,1
2019-04-25,myutr,15586224,72317,192971,366292,,10.43,192971,,7.58,"6-4, 6-4",20,1
2019-04-23,myutr,15533441,47670,1025907,1025907,9.63,9.6,1227065,11.0,8.93,"6-2, 7-5",20,1
2019-04-24,myutr,15566678,68303,188568,188568,,5.68,302116,,5.93,"3-5, 4-2, 4-2",20,1
2019-04-25,myutr,15593980,16907,366362,366362,,9.99,99284,,10.84,"6-1, 7-6",20,1
2019-04-23,myutr,15537749,135789,996344,996348,7.99,8.26,996344,8.0,8.19,"6-4, 6-4",20,1
2019-04-24,myutr,15541685,84134,140465,140465,,5.67,769079,,6.43,"6-4, 6-4",20,1
2019-04-23,myutr,15530372,177469,737048,737048,2.81,2.68,494281,2.97,3.42,"6-2, 7-5",20,1
2019-04-23,myutr,15535175,64664,118355,118355,,8.6,128532,,8.85,"6-1, 7-6",20,1
2019-04-23,myutr,15533747,100774,398485,398485,8.84,9.36,113849,,9.97,"6-4, 6-4",20,1
2019-04-23,myutr,15537022,95223,857303,111771,,8.21,857303,16.0,4.94,"6-2, 7-5",20,1
2019-04-24,myutr,15585773,62088,165609,165609,,10.22,229560,,10.79,"3-6, 6-4, 1-0",20,1
2019-04-24,myutr,15573270,109659,224317,224317,,5.9,343064,7.0,6.64,"3-6, 6-4, 1-0",20,1
2019-04-23,myutr,15533133,45469,68826,68826,7.53,7.48,214753,9.1,9.63,"6-2, 7-5",20,1
2019-04-23,myutr,15531834,187002,223092,975933,12.15,12.59,223092,10.64,10.96,"6-1, 7-5",19,1
2019-04-23,myutr,15530365,24696,98334,119349,11.42,11.43,98334,10.61,10.65,"4-6, 6-2, 1-0",19,1
2019-04-26,myutr,15598340,195803,1360930,1360930,5.0,0.0,233519,,8.47,"5-0, 1-0, 6-7",19,1
2019-04-22,myutr,15530169,95119,1194571,1194571,10.09,10.19,127709,9.35,9.47,"2-4, 4-2, 4-3",19,1
2019-04-22,myutr,15529893,113662,202364,202364,9.71,9.94,890464,10.2,10.45,"7-5, 6-1",19,1
2019-04-24,myutr,15585828,172753,853185,853185,,1.77,829977,,1.76,"6-4, 6-3",19,0
2019-04-23,myutr,15537632,46236,242274,242274,3.09,0.0,253941,8.0,7.62,"4-6, 6-2, 1-0",19,1
2019-04-23,myutr,15530393,194520,243813,243813,4.67,4.69,170726,3.8,3.88,"6-4, 6-3",19,1
2019-04-24,myutr,15557612,169218,1287755,832239,,2.86,1287755,5.0,0.0,"6-1, 7-5",19,1
2019-04-23,myutr,15537756,135789,996344,130204,,8.57,996344,8.0,8.19,"6-3, 6-4",19,1
2019-04-22,myutr,15529593,135367,228553,228553,7.89,8.34,848123,,6.74,"6-4, 6-3",19,0
2019-04-22,myutr,15530237,25595,120309,120309,,7.05,908983,,6.5,"6-3, 6-4",19,0
2019-04-24,myutr,15585733,146043,856755,856755,10.0,3.38,225735,,4.12,"7-5, 6-1",19,1
2019-04-25,myutr,15597092,195683,1360857,1360857,13.0,0.0,1095731,9.5,12.76,"6-4, 6-3",19,1
2019-03-20,myutr,15048061,19189,165468,165468,9.39,9.62,992684,8.41,8.71,"6-1, 7-5",19,1
2019-04-25,myutr,15586801,64664,118355,63399,,10.4,118355,,8.6,"6-3, 3-6, 1-0",19,1
2019-04-23,myutr,15535059,63179,117561,117561,,9.08,922333,,9.07,"6-3, 6-4",19,1
2019-04-22,myutr,15530149,190348,298355,298355,8.39,8.07,190936,7.79,7.8,"6-3, 6-4",19,1
2019-04-22,myutr,15530345,2905,119044,210797,7.1,7.11,119044,7.35,7.35,"6-3, 3-6, 1-0",19,1
2019-04-25,myutr,15597093,37877,245489,245489,,7.8,291441,,8.55,"6-0, 7-6",19,1
2019-04-13,myutr,15356364,172308,1295295,1296776,6.29,0.0,1295295,6.42,0.0,"6-1, 7-5",19,1
2019-04-22,myutr,15530229,194464,1357024,1086062,9.66,0.0,1357024,9.17,0.0,"7-6, 6-0",19,1
2019-04-23,myutr,15533227,72569,310982,310982,8.88,8.88,309835,9.54,9.57,"6-4, 2-6, 1-0",19,1
2019-04-22,myutr,15530363,123381,1288641,1288641,5.44,5.59,1245726,4.41,4.49,"6-4, 6-3",19,1
2019-04-23,myutr,15537324,47403,241991,241991,9.38,9.53,880987,9.32,9.4,"6-3, 6-4",19,1
2019-04-24,myutr,15566674,105288,893606,805548,,5.91,893606,6.0,5.38,"4-6, 6-2, 1-0",19,0
2019-04-26,myutr,15598220,69640,251579,251579,5.32,5.21,125658,7.0,5.96,"6-3, 3-6, 1-0",19,1
2019-04-24,myutr,15541660,7993,160687,160687,,0.0,947122,1.0,7.4,"6-3, 6-4",19,1
2019-03-05,myutr,14915959,150673,750914,1233495,11.5,0.0,750914,8.5,,"6-3, 6-4",19,1
2019-04-24,myutr,15552153,62370,72607,72607,9.22,9.5,61552,,9.8,"7-5, 6-1",19,1
2019-04-23,myutr,15530405,76479,473586,842421,7.5,7.84,473586,6.71,6.28,"6-3, 6-4",19,1
2019-04-26,myutr,15598291,88128,895230,1250154,,3.89,895230,,2.25,"6-3, 6-4",19,1
2019-04-26,myutr,15598277,112616,943673,182879,,5.58,943673,8.5,6.04,"5-7, 6-0, 1-0",19,1
2019-04-23,myutr,15537645,140197,275437,275437,,11.19,205003,,10.31,"6-3, 3-6, 1-0",19,1
2019-04-23,myutr,15533440,152164,236372,236372,12.0,9.55,882787,,10.04,"6-3, 6-4",19,0
2019-04-24,myutr,15541692,37960,136645,104504,,7.8,136645,,5.94,"7-6, 6-0",19,1
2019-04-26,myutr,15598210,76973,141025,117827,,7.99,141025,,6.96,"3-6, 4-6",19,0
2019-04-25,myutr,15597091,195683,1360857,1360857,13.0,0.0,319318,2.0,12.98,"7-5, 6-1",19,1
2019-04-22,myutr,15530091,143395,184939,184939,5.98,6.05,227877,3.41,3.36,"6-4, 6-3",19,1
2019-04-23,myutr,15537169,38138,215564,215564,,10.34,209532,,11.16,"4-6, 6-2, 1-0",19,1
2019-04-24,myutr,15585823,168603,1304117,1304117,,5.17,1296066,7.0,4.04,"6-4, 6-3",19,1
2019-04-24,myutr,15546092,118324,501324,501324,,0.0,413063,,6.43,"0-6, 7-6",19,1
2019-04-24,myutr,15577583,71074,249851,249851,,4.88,390965,,5.81,"6-3, 6-4",19,1
2019-04-25,myutr,15597090,37877,245489,245489,,7.8,936660,,8.78,"6-0, 7-6",19,0
2019-04-26,myutr,15598212,76973,141025,141025,,6.96,117827,,7.99,"6-4, 6-3",19,0
2019-04-26,myutr,15604389,22677,167346,167346,,6.23,610952,,6.11,"6-4, 6-3",19,1
2019-04-24,myutr,15541666,46742,161558,161558,,8.85,775640,,9.75,"4-6, 6-2, 1-0",19,1
2019-04-24,myutr,15541664,79929,214671,214671,,7.5,1330607,,7.4,"4-6, 6-2, 1-0",19,1
2019-04-26,myutr,15598341,195803,1360930,1360930,5.0,0.0,233519,,8.47,"6-0, 6-0, 7-0",19,1
2019-04-24,myutr,15585608,73464,875987,875987,,7.65,310850,,7.22,"4-6, 6-2, 1-0",19,1
2019-04-25,myutr,15586029,190387,184797,184797,14.0,7.29,663378,,6.66,"6-3, 3-6, 1-0",19,1
2019-04-25,myutr,15585943,98528,870812,1360093,,,870812,6.5,4.01,"6-3, 6-4",19,0
2019-04-26,myutr,15598282,88128,895230,895230,,2.25,1250154,,3.89,"6-1, 7-5",19,1
2019-04-22,myutr,15530225,70733,1290676,1290676,6.79,6.86,364173,7.15,7.32,"7-6, 6-0",19,1
2019-04-24,myutr,15585759,93301,848289,540079,,4.17,848289,6.0,0.0,"6-3, 6-4",19,0
2019-04-22,myutr,15530142,95119,1194571,1194571,10.09,10.19,1317733,10.52,10.56,"6-3, 6-4",19,1
2019-04-25,myutr,15598178,195420,1360102,1360102,7.0,0.0,233519,,8.47,"9-0, 9-0, 1-0",19,1
2019-04-24,myutr,15541689,37960,136645,136645,,5.94,175468,,7.84,"6-4, 2-6, 1-0",19,1
2019-04-25,myutr,15598179,59804,233519,233519,,8.47,1360102,7.0,0.0,"6-0, 6-0, 6-0",18,1
2019-04-23,myutr,15530367,24696,98334,98334,10.61,10.65,85744,10.84,10.94,"6-2, 6-4",18,1
2019-04-23,myutr,15537160,151653,886815,886815,7.0,4.21,886839,,5.65,"6-4, 6-2",18,0
2019-04-23,myutr,15537707,115236,743374,743374,8.0,6.63,645575,,5.4,"6-3, 6-3",18,1
2019-04-24,myutr,15563657,129717,226481,118091,,8.57,226481,8.0,6.85,"6-2, 3-6, 1-0",18,1
2019-04-23,myutr,15537161,77093,797599,138207,,7.59,797599,,6.44,"6-4, 6-2",18,1
2019-04-22,myutr,15530348,39107,83792,83792,11.05,10.99,99509,11.05,11.1,"6-4, 6-2",18,1
2019-04-24,myutr,15585738,138017,396527,362351,,11.66,396527,11.0,10.45,"6-3, 6-3",18,1
2019-04-23,myutr,15535061,63179,117561,117561,,9.08,412938,,9.28,"4-6, 6-1, 1-0",18,1
2019-04-23,myutr,15537752,135789,996344,996344,8.0,8.19,1233325,8.0,0.0,"6-3, 6-3",18,1
2019-04-22,myutr,15530089,120172,270738,270738,5.05,4.98,908908,5.14,5.22,"6-4, 6-2",18,1
2019-04-25,myutr,15585846,69583,129067,129067,,7.34,110717,,0.0,"6-3, 6-3",18,1
2019-04-23,myutr,15534728,74976,254694,254694,,4.55,229784,,6.48,"7-5, 6-0",18,1
2019-04-23,myutr,15533249,174878,996772,996772,9.04,9.03,777445,8.35,8.39,"6-3, 6-3",18,1
2019-04-23,myutr,15535172,96795,218665,218665,,6.65,270293,,6.79,"6-4, 4-4",18,1
2019-04-24,myutr,15577604,125350,170859,170859,10.0,8.75,215535,,8.76,"6-4, 6-2",18,1
2019-04-23,myutr,15530407,22068,67851,67851,8.93,8.89,168986,8.66,8.68,"6-3, 6-3",18,1
2019-04-23,myutr,15537753,135789,996344,996344,8.0,8.19,996348,7.99,8.26,"6-3, 3-6",18,1
2019-04-22,myutr,15530204,58838,126336,126336,8.89,8.94,233765,8.83,8.9,"6-4, 6-2",18,1
2019-04-23,myutr,15537171,38138,215564,215564,,10.34,371054,,9.73,"6-3, 6-3",18,1
2019-04-22,myutr,15530305,37847,1301834,1301834,10.1,10.05,133140,9.72,9.75,"6-3, 6-3",18,1
2019-04-22,myutr,15530101,124372,221947,221947,6.05,5.86,291629,4.69,4.67,"6-4, 6-2",18,1
2019-04-24,myutr,15568366,21138,192338,192338,6.47,0.0,305447,10.31,10.6,"6-3, 6-3",18,1
2019-04-22,myutr,15529886,87731,218629,1034783,10.49,10.5,218629,9.38,9.35,"6-2, 6-4",18,1
2019-04-25,myutr,15598181,59804,233519,233519,,8.47,149357,,9.01,"6-0, 6-0, 6-0",18,1
2019-04-24,myutr,15585800,178707,1310020,194585,,4.79,1310020,6.0,0.0,"6-4, 6-2",18,1
2019-04-23,myutr,15537611,158244,276474,208910,,11.81,276474,11.0,10.15,"6-3, 6-3",18,0
2019-04-22,myutr,15530226,28196,136474,136474,6.42,6.65,204014,6.49,6.55,"6-3, 6-3",18,1
2019-04-23,myutr,15533134,91277,1008973,1008973,9.71,9.66,246687,11.49,11.74,"3-6, 5-4",18,1
2019-04-25,myutr,15597080,78712,230673,230673,,7.99,1197118,12.0,0.0,"6-0, 6-0, 6-0",18,1
2019-04-24,myutr,15541645,160488,1356735,107264,,10.52,1356735,8.84,9.18,"6-4, 6-2",18,1
2019-04-22,myutr,15530196,42321,99738,99738,7.84,7.71,200165,7.27,7.3,"6-3, 6-3",18,1
2019-04-25,myutr,15598180,141228,985573,142136,,9.47,985573,11.0,6.37,"6-2, 6-4",18,1
2019-04-25,myutr,15585950,29108,206996,96561,,8.49,206996,,7.27,"6-0, 7-5",18,1
2019-04-23,myutr,15537647,77756,664272,288496,,3.65,664272,,3.67,"2-6, 6-3, 1-0",18,1
2019-04-25,myutr,15598197,195420,1360102,1360102,7.0,0.0,233519,,8.47,"6-0, 6-0, 6-0",18,1
2019-04-22,myutr,15530098,144757,294293,188221,8.27,8.31,294293,6.62,6.61,"6-4, 6-2",18,1
2019-04-25,myutr,15597087,195683,1360857,1360857,13.0,0.0,47300,,11.67,"6-3, 6-3",18,1
2019-04-24,myutr,15579615,88641,981432,100589,,10.03,981432,8.0,6.28,"7-5, 6-0",18,1
2019-04-23,myutr,15534272,117812,310461,310461,4.0,7.7,304066,,8.14,"6-2, 6-4",18,1
2019-04-24,myutr,15585602,138084,310783,310783,9.0,7.98,994252,,7.98,"6-4, 6-2",18,1
2019-04-25,myutr,15597094,3461,150414,150414,,8.47,245489,,7.8,"6-0, 6-0, 6-0",18,1
2019-04-25,myutr,15585906,112811,920979,920979,6.0,5.49,929501,,3.68,"6-2, 6-4",18,1
2019-04-26,myutr,15598289,88128,895230,1250154,,3.89,895230,,2.25,"6-3, 6-3",18,1
2019-04-23,myutr,15531869,84025,296326,102137,5.37,5.54,296326,5.18,5.32,"6-3, 6-3",18,1
2019-04-24,myutr,15563379,120045,943309,943309,1.0,3.59,1287755,5.0,0.0,"6-2, 6-4",18,1
2019-04-22,myutr,15530231,130087,300696,300696,6.99,7.02,950728,5.92,5.91,"6-3, 6-3",18,1
2019-04-25,myutr,15597088,37877,245489,245489,,7.8,68957,,12.53,"6-0, 6-0, 6-0",18,1
2019-04-25,myutr,15597077,71296,679249,679249,,7.2,1360857,13.0,0.0,"6-0, 6-0, 6-0",18,1
2019-04-23,myutr,15537759,135789,996344,996344,8.0,8.19,996348,7.99,8.26,"6-4, 4-4",18,1
2019-04-22,myutr,15530283,101290,370507,370507,5.53,5.51,1286602,5.58,5.83,"6-3, 6-3",18,1
2019-04-25,myutr,15597078,146270,293164,293164,,3.4,1360857,13.0,0.0,"6-0, 6-0, 6-0",18,1
2019-04-23,myutr,15531828,24636,120926,120926,10.22,10.22,120932,9.43,9.46,"6-4, 6-2",18,1
2019-04-24,myutr,15541691,147353,947547,223712,8.0,7.38,947547,5.0,5.44,"6-3, 6-3",18,1
2019-04-26,myutr,15598333,195803,1360930,1360930,5.0,0.0,233519,,8.47,"6-0, 6-0, 6-0",18,1
2019-04-24,myutr,15568155,30790,284975,284975,,6.6,176960,,6.2,"6-3, 2-6, 1-0",18,1
2019-04-24,myutr,15585770,114441,957111,957111,2.0,3.21,874269,,1.68,"7-5, 6-0",18,1
2019-04-24,myutr,15568158,167956,373911,41425,,11.58,373911,10.0,0.0,"6-4, 6-2",18,1
2019-04-24,myutr,15577603,84201,820651,820651,,10.46,387523,,10.29,"6-0, 7-5",18,1
2019-04-26,myutr,15598288,88128,895230,895230,,2.25,1250154,,3.89,"6-2, 6-4",18,1
2019-04-25,myutr,15585887,18577,116411,116411,,9.19,182434,,9.43,"6-4, 6-2",18,1
2019-04-22,myutr,15530159,86968,243137,142419,10.09,10.27,243137,8.49,8.47,"6-3, 6-3",18,1
2019-04-24,myutr,15568365,21138,192338,192338,6.47,0.0,411596,9.22,9.71,"6-2, 6-4",18,1
2019-04-22,myutr,15530244,134223,993398,993398,6.17,0.0,884243,4.61,4.48,"2-6, 6-3, 1-0",18,1
2019-04-22,myutr,15530232,21185,96451,96451,9.89,9.91,370387,10.09,10.14,"6-2, 6-4",18,1
2019-04-23,myutr,15533469,186629,787518,787518,,4.92,972019,,4.48,"6-3, 6-3",18,0
2019-04-25,myutr,15589374,146380,788755,788755,,10.01,302271,,10.61,"6-4, 6-2",18,1
2019-04-25,myutr,15585990,112646,100319,100319,14.0,10.18,1022721,14.0,7.38,"6-2, 6-4",18,1
2019-04-24,myutr,15566712,162255,179852,179852,5.0,4.42,150813,,4.07,"6-2, 6-4",18,1
2019-04-23,myutr,15537630,114227,213250,213250,7.0,6.8,1164050,7.0,7.77,"6-4, 6-2",18,1
2019-04-22,myutr,15530082,120172,270738,270738,5.05,4.98,1250727,4.94,4.98,"6-3, 6-3",18,1
2019-04-22,myutr,15530323,42271,213654,213654,8.93,8.64,178248,9.81,9.86,"7-5, 6-0",18,1
2019-04-22,myutr,15530279,37847,1301834,1301834,10.1,10.05,120006,9.17,9.21,"7-5, 6-0",18,1
2019-04-24,myutr,15576539,20750,1032782,1032782,,12.27,391986,,12.15,"6-4, 6-2",18,1
2019-04-22,myutr,15530282,101290,370507,369168,6.18,6.19,370507,5.53,5.51,"6-4, 6-2",18,1
2019-04-23,myutr,15535177,64664,118355,85766,,11.25,118355,,8.6,"6-2, 6-4",18,1
2018-11-13,myutr,13682377,97922,862588,836798,5.25,0.0,862588,4.58,0.0,"6-1, 4-6, 1-0",18,1
2019-04-24,myutr,15568032,162612,657448,657448,10.0,8.57,123074,,9.38,"6-3, 6-3",18,1
2019-04-24,myutr,15541698,194769,291683,436151,9.21,9.2,291683,,6.52,"3-6, 6-2, 1-0",18,1
2019-04-23,myutr,15530434,47670,1025907,1025907,9.63,9.6,262337,9.25,9.31,"6-2, 6-4",18,1
2019-04-23,myutr,15535168,188141,1331148,1357427,,,1331148,2.0,0.0,"6-2, 6-4",18,0
2019-04-22,myutr,15530353,157217,916446,916446,6.0,4.92,380907,,4.63,"6-2, 6-4",18,0
2019-04-25,myutr,15585936,112811,920979,920979,6.0,5.49,878183,,4.07,"6-2, 6-4",18,1
2019-04-22,myutr,15530329,59598,152290,148601,9.37,9.39,152290,8.56,8.52,"6-2, 6-4",18,1
2019-04-23,myutr,15537677,193925,136192,145051,,8.81,136192,3.45,0.0,"6-4, 6-2",18,1
2019-04-25,myutr,15585858,13068,99441,99441,,9.75,117745,,9.18,"6-4, 6-2",18,1
2019-04-25,myutr,15585904,112811,920979,920979,6.0,5.49,1295503,7.0,0.0,"6-2, 6-4",18,1
2019-04-23,myutr,15530421,35648,412882,412882,6.75,6.65,908926,6.96,7.1,"6-4, 6-2",18,1
2019-04-24,myutr,15552134,5602,192211,192211,11.0,8.75,134867,,8.65,"6-2, 6-4",18,1
2019-04-24,myutr,15541643,59247,119298,119298,,7.68,176569,,7.24,"6-4, 6-2",18,1
2019-04-26,myutr,15598203,90385,857749,162743,,7.6,857749,,5.07,"6-2, 6-4",18,1
2019-04-25,myutr,15585888,39287,182434,182434,,9.43,116411,,9.19,"6-4, 6-2",18,1
2019-04-25,myutr,15586028,112819,130923,130923,9.0,8.18,285891,8.0,7.1,"6-2, 6-4",18,1
2019-04-24,myutr,15566199,118922,937062,937062,6.0,0.0,1358471,,,"6-2, 6-4",18,0
2019-04-26,myutr,15598264,106202,183839,183839,9.0,8.09,120029,,7.22,"6-3, 6-3",18,1
2019-04-23,myutr,15534848,74976,254694,254694,,4.55,197836,4.08,4.29,"6-4, 6-2",18,1
2019-04-22,myutr,15530141,14314,89147,177460,11.43,11.87,89147,10.79,10.94,"0-6, 6-4, 1-0",17,1
2019-04-23,myutr,15537681,124122,132557,132557,7.53,7.44,1027748,,9.53,"6-3, 6-2",17,1
2019-04-22,myutr,15530160,190348,298355,298355,8.39,8.07,125844,7.76,7.79,"6-2, 6-3",17,1
2019-04-25,myutr,15589427,180636,1286838,482566,,2.31,1286838,,2.31,"6-1, 6-4",17,0
2019-04-26,myutr,15598267,88128,895230,895230,,2.25,895230,,2.25,"6-4, 6-1",17,1
2019-04-23,myutr,15537652,77756,664272,634996,4.0,3.21,664272,,3.67,"6-1, 3-6, 1-0",17,1
2019-04-25,myutr,15589496,22677,167346,167346,,6.23,976559,,6.22,"6-1, 6-4",17,1
2019-04-24,myutr,15541636,114223,825056,238947,,5.77,825056,2.0,4.07,"6-3, 6-2",17,1
2019-04-24,myutr,15585710,32897,142252,142252,,6.74,142239,,6.05,"6-2, 6-3",17,1
2019-04-26,myutr,15598342,195803,1360930,1360930,5.0,0.0,233519,,8.47,"7-1, 5-3, 1-0",17,1
2019-04-24,myutr,15541641,42408,603456,603456,,7.22,202818,,4.99,"6-4, 6-1",17,1
2019-04-24,myutr,15541631,27998,206958,206958,,7.67,368280,,6.64,"6-2, 6-3",17,1
2019-04-25,myutr,15589357,123481,827356,827356,5.0,4.73,909547,6.5,5.19,"6-2, 6-3",17,1
2019-04-24,myutr,15537770,188462,827971,827971,,3.95,370443,,6.03,"6-2, 6-3",17,1
2019-04-22,myutr,15530261,70007,756427,756427,6.79,6.75,297851,7.68,7.81,"6-1, 6-4",17,1
2019-04-22,myutr,15530127,107975,1196318,1196318,6.31,6.36,1250705,7.24,7.21,"1-6, 6-3, 1-0",17,1
2019-04-23,myutr,15534049,134891,634859,634859,8.0,6.96,298762,,7.02,"6-1, 6-4",17,1
2019-04-26,myutr,15598326,195803,1360930,1360930,5.0,0.0,233519,,8.47,"6-0, 6-0, 5-0",17,1
2019-04-24,myutr,15585537,77606,312368,312976,,7.93,312368,,8.27,"6-3, 6-2",17,1
2019-04-23,myutr,15533357,9781,116146,116146,8.1,8.02,1313639,7.54,7.56,"6-2, 6-3",17,1
2019-04-26,myutr,15604081,93883,852379,852379,6.0,5.55,880542,,0.0,"6-2, 6-3",17,0
2019-04-24,myutr,15578829,72444,102646,102646,,8.8,820655,,7.93,"6-3, 6-2",17,1
2019-04-23,myutr,15532972,61583,94665,94665,9.22,9.23,189903,,9.76,"0-6, 6-4, 1-0",17,0
2019-04-25,myutr,15585863,56731,117745,117745,,9.18,99441,,9.75,"6-4, 6-1",17,1
2019-04-24,myutr,15585735,157937,596074,295580,7.0,5.95,596074,,5.04,"6-3, 6-2",17,1
2019-04-24,myutr,15563634,88641,981432,981432,8.0,6.28,94639,,7.49,"6-1, 6-4",17,1
2019-04-25,myutr,15598202,90140,843440,843440,4.0,4.23,1241279,,2.75,"6-4, 6-1",17,0
2019-04-26,myutr,15605178,79041,794785,794785,,6.42,1361454,,,"6-3, 6-2",17,0
2019-04-25,myutr,15589581,123381,1288641,1288641,5.44,5.59,1245733,,3.26,"6-2, 6-3",17,1
2019-04-24,myutr,15540237,100075,927149,378607,,6.23,927149,6.0,5.75,"6-3, 6-2",17,1
2019-04-22,myutr,15530117,27942,118074,98334,10.61,10.65,118074,10.31,10.29,"2-6, 6-2, 1-0",17,1
2019-04-22,myutr,15530276,37847,1301834,1301834,10.1,10.05,132986,9.33,9.46,"6-3, 6-2",17,1
2019-04-24,myutr,15585782,61106,1360066,116755,,7.89,1360066,,7.32,"6-2, 6-3",17,1
2019-04-24,myutr,15541635,69640,251579,1009378,,6.27,251579,5.32,5.21,"6-1, 6-4",17,0
2019-04-23,myutr,15530368,24696,98334,85663,11.03,11.06,98334,10.61,10.65,"6-1, 6-4",17,1
2019-04-26,myutr,15598224,195743,1360908,1229302,5.66,5.32,1360908,16.0,0.0,"6-3, 6-2",17,1
2019-04-26,myutr,15598269,88128,895230,895230,,2.25,1250154,,3.89,"6-4, 6-1",17,1
2019-04-23,myutr,15531852,159412,430306,430306,12.0,7.79,934932,,5.54,"6-3, 6-2",17,0
2019-04-23,myutr,15533126,61583,94665,94665,9.22,9.23,214753,9.1,9.63,"6-2, 6-3",17,1
2019-04-25,myutr,15586220,112819,130923,130923,9.0,8.18,110537,6.86,7.03,"6-2, 6-3",17,1
2019-04-23,myutr,15533226,42672,117599,117599,9.71,9.98,130178,8.71,9.01,"6-2, 6-3",17,1
2019-04-24,myutr,15585762,80502,809887,809887,,0.0,928350,1.0,0.0,"6-1, 6-4",17,1
2019-04-23,myutr,15537019,91267,188640,188640,,5.93,221034,7.0,6.56,"6-2, 6-3",17,1
2019-04-23,myutr,15537014,76751,402301,4393,,13.33,402301,,11.23,"6-2, 6-3",17,0
2019-04-23,myutr,15535153,35648,412882,412882,6.75,6.65,287621,,6.97,"6-3, 6-2",17,1
2019-04-24,myutr,15537808,71174,117162,802584,,10.92,117162,,8.94,"6-4, 6-1",17,1
2019-04-22,myutr,15530250,70007,756427,149635,7.31,7.33,756427,6.79,6.75,"2-6, 6-2, 1-0",17,1
2019-04-23,myutr,15531870,84025,296326,296326,5.18,5.32,102137,5.37,5.54,"6-2, 6-3",17,1
2019-04-24,myutr,15541646,20012,185743,185743,,9.55,85572,,10.65,"6-2, 6-3",17,1
2019-04-24,myutr,15585792,175243,921794,921794,9.0,3.71,661250,,3.31,"6-4, 6-1",17,1
2019-04-26,myutr,15604390,22677,167346,144122,,8.39,167346,,6.23,"6-3, 6-2",17,1
2019-04-24,myutr,15537778,34100,128266,128266,10.62,10.59,359933,9.64,9.67,"6-2, 6-3",17,1
2019-04-22,myutr,15530119,194116,876034,876034,5.0,0.0,1357011,,,"6-3, 6-2",17,0
2019-04-23,myutr,15530464,33268,187394,85512,11.64,11.67,187394,9.87,9.85,"6-1, 6-4",17,1
2019-04-25,myutr,15597081,195683,1360857,1360857,13.0,0.0,86766,,10.62,"6-2, 6-3",17,1
2019-04-24,myutr,15541690,35300,163298,163298,,9.06,200797,,8.7,"6-3, 6-2",17,1
2019-04-24,myutr,15564889,96706,371610,371610,,5.86,652379,5.4,5.42,"6-3, 6-2",17,1
2019-04-24,myutr,15541623,69640,251579,129433,,6.65,251579,5.32,5.21,"6-3, 6-2",17,1
2019-04-22,myutr,15530151,130541,1233492,1233492,11.96,12.09,167958,11.8,12.16,"6-2, 6-3",17,1
2019-04-23,myutr,15530454,34100,128266,128266,10.62,10.59,150877,11.27,11.34,"6-2, 2-6, 1-0",17,1
2019-04-24,myutr,15568191,105515,894130,894130,16.0,4.5,962510,,4.57,9-8,17,1
2019-04-22,myutr,15530359,48076,210797,119044,7.35,7.35,210797,7.1,7.11,"6-2, 6-3",17,1
2019-04-23,myutr,15530398,112906,921190,921190,5.32,5.29,836870,6.92,7.11,"6-3, 6-2",17,1
2019-04-24,myutr,15585761,141256,719355,719355,6.0,4.01,827560,3.24,3.1,"6-3, 6-2",17,1
2019-04-23,myutr,15531835,100631,878214,878214,4.6,4.44,881615,4.92,4.98,"6-2, 6-3",17,1
2019-04-24,myutr,15537781,69640,251579,229765,,6.72,251579,5.32,5.21,"6-3, 6-2",17,1
2019-04-23,myutr,15536991,42271,213654,213654,8.93,8.64,1194200,10.33,10.49,"4-3, 8-2",17,1
2019-04-23,myutr,15537609,22099,533893,533893,,5.21,391236,,4.23,9-8,17,0
2019-04-26,myutr,15601051,89335,857008,224214,,9.85,857008,8.0,7.16,"6-2, 6-3",17,1
2019-04-23,myutr,15537633,46236,242274,253941,8.0,7.62,242274,3.09,0.0,"6-4, 6-1",17,1
2019-04-24,myutr,15541679,32461,172703,172703,,8.77,971081,1.0,8.46,"6-2, 6-3",17,1
2019-04-24,myutr,15585808,168603,1304117,1304117,,5.17,1028703,,4.83,"6-2, 6-3",17,1
2019-04-24,myutr,15541648,31751,272594,272594,,6.19,266310,,7.06,"6-3, 6-2",17,1
2019-04-24,myutr,15585717,195235,1359994,1229302,5.66,5.32,1359994,16.0,0.0,"6-1, 6-4",17,1
2019-04-26,myutr,15598218,69640,251579,186665,,6.36,251579,5.32,5.21,"3-6, 6-1, 1-0",17,1
2019-04-23,myutr,15530430,26469,190218,216126,7.51,7.52,190218,6.46,6.59,"6-2, 6-3",17,1
2019-04-24,myutr,15585793,175243,921794,921794,9.0,3.71,840624,,3.33,"6-3, 6-2",17,1
2019-04-22,myutr,15530224,31034,287316,287316,,5.05,219653,,5.78,"6-0, 4-6, 1-0",17,0
2019-04-22,myutr,15530115,18381,185738,183856,11.65,11.69,185738,10.0,9.97,"6-4, 6-1",17,1
2019-04-24,myutr,15537802,61630,188173,188173,,8.44,241041,,7.3,"6-3, 6-1",16,1
2019-04-24,myutr,15568184,23968,1309836,1309836,,10.41,128309,,9.66,"6-1, 6-3",16,1
2019-04-25,myutr,15587057,47130,1250927,1250927,,8.86,224549,,9.2,"6-2, 6-2",16,1
2019-04-23,myutr,15537631,46236,242274,268444,6.66,6.65,242274,3.09,0.0,"6-0, 6-4",16,1
2019-04-24,myutr,15537804,151899,228794,228794,,5.01,794619,,4.3,"6-3, 6-1",16,1
2019-04-22,myutr,15530336,171258,873637,120933,5.94,6.03,873637,4.01,3.68,"6-4, 6-0",16,1
2019-04-23,myutr,15534288,117812,310461,310461,4.0,7.7,310689,,6.79,"6-3, 6-1",16,1
2019-04-22,myutr,15530084,63607,165334,165334,,0.0,474546,,0.0,"6-3, 6-1",16,0
2019-04-22,myutr,15530180,67771,449223,449223,4.91,4.93,391046,4.1,4.17,"6-3, 6-1",16,1
2019-04-24,myutr,15552143,5602,192211,192211,11.0,8.75,893597,,8.49,"6-3, 6-1",16,1
2019-04-24,myutr,15566680,194802,1357559,1233131,11.0,9.88,1357559,11.0,0.0,"6-3, 6-1",16,1
2018-12-12,myutr,14122828,19189,165468,165468,9.39,9.62,152087,5.6,5.84,"6-1, 6-3",16,1
2019-04-24,myutr,15566677,105288,893606,893606,6.0,5.38,410067,,5.01,"6-3, 6-1",16,0
2019-04-24,myutr,15585723,128941,957524,957524,4.0,4.96,288496,,3.65,"6-3, 6-1",16,1
2019-04-22,myutr,15530152,14314,89147,89147,10.79,10.94,1054807,11.24,11.59,"6-4, 4-2",16,1
2019-04-22,myutr,15530252,135367,228553,228553,7.89,8.34,407837,6.48,6.7,"6-2, 6-2",16,1
2019-04-22,myutr,15530275,20175,191755,191755,5.81,5.71,436597,4.71,4.8,"6-2, 6-2",16,1
2019-04-26,myutr,15600865,72843,312976,312021,,9.31,312976,,7.93,"2-6, 6-1, 1-0",16,1
2019-04-22,myutr,15530285,45469,68826,68826,7.53,7.48,1063085,,6.52,"6-3, 6-1",16,0
2019-04-25,myutr,15585938,112811,920979,920979,6.0,5.49,290493,,5.21,"6-3, 6-1",16,1
2019-04-23,myutr,15533387,6350,931298,931298,9.05,9.31,398485,8.84,9.36,"6-3, 6-1",16,1
2019-04-23,myutr,15537330,22099,533893,533893,,5.21,159517,,4.66,"6-4, 6-0",16,1
2019-04-23,myutr,15530376,9616,125857,125857,7.7,7.57,209758,6.55,6.55,"6-2, 6-2",16,1
2019-04-23,myutr,15531811,80285,802424,802424,,4.13,1199278,11.0,0.0,"6-4, 6-0",16,1
2019-04-25,myutr,15585958,29108,206996,206996,,7.27,104966,6.07,6.06,"6-2, 6-2",16,1
2019-04-24,myutr,15541674,46171,945466,945466,9.0,8.28,118490,,8.68,"6-0, 6-4",16,1
2019-04-23,myutr,15530418,45469,68826,68826,7.53,7.48,1063085,,6.52,"6-4, 6-0",16,0
2019-04-25,myutr,15587918,184516,220956,220956,8.0,6.67,860232,5.4,6.11,"6-2, 6-2",16,1
2019-04-26,myutr,15604053,22677,167346,167346,,6.23,1288996,7.0,0.0,"6-3, 6-1",16,1
2019-04-23,myutr,15535130,18741,837064,67232,,8.53,837064,,6.75,"6-2, 6-2",16,1
2019-04-25,myutr,15598174,157737,933539,422994,,6.55,933539,,4.59,"6-2, 6-2",16,0
2019-04-25,myutr,15589566,117987,935559,278172,11.0,9.31,935559,8.0,8.3,"6-2, 6-2",16,1
2019-04-22,myutr,15530221,190716,313675,313675,7.74,7.68,309553,8.25,8.33,"6-2, 6-2",16,1
2019-01-15,myutr,14420556,118760,891444,547069,10.0,0.0,891444,,,"6-2, 6-2",16,1
2019-04-24,myutr,15563630,63817,237795,237795,,8.77,268214,,7.45,"6-2, 6-2",16,1
2019-04-23,myutr,15537697,155134,790271,395115,,5.03,790271,,4.55,"3-6, 6-0, 1-0",16,1
2019-04-22,myutr,15530207,42321,99738,96515,9.24,9.25,99738,7.84,7.71,"6-2, 6-2",16,1
2019-04-26,myutr,15604537,117295,933309,220978,6.0,0.0,933309,16.0,0.0,"6-4, 6-0",16,1
2019-04-25,myutr,15586273,195463,829977,829977,,1.76,829968,,,"6-4, 6-0",16,0
2019-04-24,myutr,15537797,69640,251579,1313652,6.0,8.11,251579,5.32,5.21,"6-3, 6-1",16,1
2019-04-23,myutr,15530443,47670,1025907,206451,9.75,9.72,1025907,9.63,9.6,"6-3, 6-1",16,1
2019-04-22,myutr,15530247,21185,96451,96451,9.89,9.91,286806,8.67,8.68,"6-4, 6-0",16,1
2019-04-25,myutr,15585981,112646,100319,100319,14.0,10.18,216541,,8.77,"6-3, 6-1",16,1
2019-04-22,myutr,15530260,24869,128983,128983,9.64,9.67,227885,9.27,9.33,"6-1, 6-3",16,1
2019-04-26,myutr,15600870,141272,976057,976057,10.0,5.21,406715,,5.47,"6-2, 6-2",16,1
2019-04-24,myutr,15557607,169218,1287755,1287755,5.0,0.0,705324,,2.16,"6-1, 6-3",16,1
2019-04-25,myutr,15585972,112646,100319,100319,14.0,10.18,120365,,8.93,"6-2, 6-2",16,1
2019-04-22,myutr,15530349,161473,977045,977045,6.14,6.13,977149,,5.97,"6-1, 6-3",16,0
2019-04-25,myutr,15585974,112646,100319,100319,14.0,10.18,151933,,8.26,"6-3, 6-1",16,1
2019-04-23,myutr,15531825,24636,120926,120926,10.22,10.22,120929,9.38,9.39,"6-1, 6-3",16,1
2019-04-25,myutr,15585962,112646,100319,100319,14.0,10.18,130546,,10.05,"6-3, 6-1",16,1
2019-04-25,myutr,15589246,123441,223860,223860,15.0,6.83,449153,,5.46,"6-2, 6-2",16,1
2019-04-22,myutr,15530291,87778,1241823,1241823,5.54,5.43,265628,6.68,6.9,"6-3, 6-1",16,1
2019-04-26,myutr,15600852,112616,943673,943673,8.5,6.04,1361132,,,"6-4, 6-0",16,0
2019-04-23,myutr,15535139,35648,412882,412882,6.75,6.65,246377,,0.0,"6-4, 6-0",16,1
2019-04-26,myutr,15598329,195803,1360930,1360930,5.0,0.0,233519,,8.47,"8-0, 8-0",16,1
2019-04-24,myutr,15577601,13026,557207,557207,9.0,0.0,230474,,7.19,"6-3, 6-1",16,0
2019-04-24,myutr,15563643,119204,1309282,368427,,5.9,1309282,11.0,5.41,"6-3, 6-1",16,0
2019-04-22,myutr,15530325,133431,992794,1019148,2.79,2.56,992794,1.95,1.96,"6-4, 6-0",16,1
2019-04-24,myutr,15541650,31751,272594,272594,,6.19,240204,,4.94,"6-2, 6-2",16,1
2019-04-23,myutr,15537701,140685,1353104,1353104,11.54,0.0,815196,,6.21,"6-1, 6-3",16,1
2019-04-22,myutr,15530145,163077,1254031,1254031,9.06,8.82,747287,9.7,9.78,"6-2, 6-2",16,1
2019-04-23,myutr,15537641,39841,102459,102459,,7.66,119699,,6.25,"6-3, 6-1",16,1
2019-04-23,myutr,15537709,46576,194112,194112,,6.15,225006,,6.75,"6-1, 2-6, 1-0",16,1
2019-04-22,myutr,15530238,130087,300696,300696,6.99,7.02,589424,,5.58,"6-3, 6-1",16,0
2019-04-23,myutr,15537020,193262,843617,843617,,6.41,1326013,,6.92,"6-3, 6-0",15,1
2019-04-22,myutr,15530195,84686,930638,930638,7.65,0.0,183045,,0.0,"6-3, 6-0",15,1
2019-04-26,myutr,15605176,61692,382282,300632,,10.43,382282,,7.6,"6-1, 6-2",15,1
2019-04-22,myutr,15530075,38350,272751,272751,7.8,7.76,268217,7.91,7.96,"6-2, 6-1",15,1
2019-04-24,myutr,15585604,56280,291776,291776,,7.43,383309,,5.45,"6-2, 6-1",15,1
2019-04-25,myutr,15589576,163169,927392,927389,,4.42,927392,,,"6-1, 6-2",15,0
2019-04-23,myutr,15534308,61102,657808,657808,,4.81,219735,,5.13,"6-2, 6-1",15,1
2019-04-24,myutr,15541654,102230,1041898,1041898,7.0,5.65,125770,,4.94,"6-3, 6-0",15,1
2019-04-24,myutr,15537765,70807,446414,446414,,5.92,291378,,8.68,8-7,15,0
2019-04-23,myutr,15537015,70914,149635,149635,7.31,7.33,221034,7.0,6.56,"6-2, 6-1",15,1
2019-04-23,myutr,15530451,169637,1288337,1288337,1.6,1.29,1306373,1.08,1.0,"5-4, 4-2",15,1
2019-04-23,myutr,15537629,46236,242274,242274,3.09,0.0,268444,6.66,6.65,"6-2, 6-1",15,1
2019-04-22,myutr,15530192,67771,449223,909621,,9.34,449223,4.91,4.93,"6-2, 6-1",15,1
2019-04-24,myutr,15585814,168603,1304117,661961,6.0,5.51,1304117,,5.17,"6-1, 6-2",15,1
2019-04-22,myutr,15530331,59598,152290,152290,8.56,8.52,991591,8.03,8.09,"6-1, 6-2",15,1
2019-04-23,myutr,15533235,44836,96319,96319,9.45,9.82,130178,8.71,9.01,"6-4, 2-3",15,1
2019-04-23,myutr,15537762,181728,634996,634996,4.0,3.21,555018,,2.57,"6-1, 6-2",15,1
2019-04-24,myutr,15585538,72843,312976,312021,,9.31,312976,,7.93,"6-2, 6-1",15,1
2019-04-24,myutr,15585787,61106,1360066,70300,,9.42,1360066,,7.32,"6-1, 6-2",15,1
2019-04-25,myutr,15589249,41292,156676,156676,,6.24,231532,,3.56,"6-1, 6-2",15,1
2019-04-23,myutr,15530473,78006,177155,177155,,7.98,209758,6.55,6.55,"6-2, 6-1",15,1
2019-04-24,myutr,15553233,22518,252160,63858,,9.15,252160,,7.97,"6-0, 6-3",15,1
2019-04-23,myutr,15537173,38138,215564,215564,,10.34,269252,,8.3,"6-3, 6-0",15,1
2019-04-23,myutr,15535167,37567,316064,316064,,7.69,304528,,6.17,"6-1, 6-2",15,0
2019-04-24,myutr,15537779,70007,756427,1008553,11.0,10.7,756427,6.79,6.75,"6-2, 6-1",15,1
2019-04-24,myutr,15568180,23968,1309836,1309836,,10.41,363694,,10.0,"6-1, 6-2",15,1
2019-04-24,myutr,15537805,142933,384747,384747,9.0,9.11,376754,,8.89,"6-2, 6-1",15,1
2019-04-24,myutr,15564957,120172,270738,270738,5.05,4.98,269161,8.0,5.95,"6-1, 6-2",15,1
2019-04-25,myutr,15585979,115144,169094,947724,,9.61,169094,,6.39,"6-1, 6-2",15,1
2019-04-24,myutr,15565293,99094,872302,872302,8.0,6.07,875533,,3.95,"6-2, 6-1",15,1
2019-04-25,myutr,15585973,112646,100319,100319,14.0,10.18,216541,,8.77,"6-2, 6-1",15,1
2019-04-25,myutr,15598159,195686,927389,927389,,4.42,927392,,,"6-1, 6-2",15,1
2019-04-22,myutr,15530096,124372,221947,221947,6.05,5.86,124169,6.3,6.57,"6-2, 6-1",15,1
2019-04-24,myutr,15585765,59514,292637,292637,9.18,9.22,836412,10.0,9.66,"6-3, 6-0",15,1
2019-04-21,myutr,15501270,152793,1180772,1180772,9.43,0.0,426426,8.25,0.0,"6-2, 6-1",15,1
2019-04-24,myutr,15576537,92221,918117,918117,,0.0,172382,7.81,7.88,"6-3, 6-0",15,1
2019-04-22,myutr,15530217,34781,236698,118158,8.7,8.71,236698,8.8,8.8,"1-6, 6-1, 1-0",15,1
2019-04-23,myutr,15537661,154832,241989,241989,6.0,0.0,957205,,4.26,"6-2, 6-1",15,1
2019-04-26,myutr,15604290,93883,852379,852379,6.0,5.55,880542,,0.0,"6-2, 6-1",15,0
2019-04-24,myutr,15567955,190572,1334916,296946,,11.75,1334916,0.0,0.0,8-7,15,0
2019-04-25,myutr,15589302,71745,790503,790503,,8.86,118028,,7.74,"6-0, 6-3",15,1
2018-11-13,myutr,13682412,97922,862588,1014148,4.73,0.0,862588,4.58,0.0,"6-6, 2-1",15,1
2019-04-16,myutr,15421069,152793,1180772,1180772,9.43,0.0,1320066,6.26,0.0,"6-1, 6-2",15,1
2019-04-23,myutr,15537679,62012,157109,157109,,7.81,112003,,7.56,"6-2, 6-1",15,1
2019-04-23,myutr,15533443,55244,822397,822397,,7.81,531961,,7.64,"6-1, 6-2",15,1
2019-02-10,myutr,14688634,5837,910217,910217,,12.2,295676,7.49,7.6,"6-1, 6-2",15,1
2019-04-26,myutr,15604402,93883,852379,222720,,0.0,852379,6.0,5.55,"6-2, 6-1",15,0
2019-04-24,myutr,15577595,71074,249851,249851,,4.88,136646,,5.77,"6-1, 6-2",15,1
2019-04-25,myutr,15589453,24296,132153,132153,,7.0,164933,,4.72,"6-1, 6-2",15,1
2019-04-23,myutr,15531824,24636,120926,120926,10.22,10.22,120930,9.08,8.91,"6-1, 6-2",15,1
2019-04-25,myutr,15585942,98528,870812,870812,6.5,4.01,1360092,,,"6-3, 6-0",15,0
2019-04-23,myutr,15531812,163624,748631,748631,6.61,6.5,295119,5.75,5.78,"6-0, 6-3",15,1
2019-04-24,myutr,15585775,48149,251500,251500,,7.04,573269,,7.56,"6-1, 6-2",15,1
2019-04-23,myutr,15537033,77920,680546,223031,,8.79,680546,,6.03,"6-0, 6-3",15,1
2019-04-26,myutr,15604423,93883,852379,852379,6.0,5.55,727733,,5.7,"6-2, 6-1",15,0
2019-04-22,myutr,15529601,56938,598210,598210,6.68,6.64,1328416,7.7,8.58,"6-2, 6-1",15,1
2019-04-25,myutr,15589553,193262,843617,843617,,6.41,791708,,5.9,"6-1, 6-2",15,1
2019-04-25,myutr,15585957,114266,1018861,1018861,9.5,10.26,852417,10.0,0.0,"6-3, 6-0",15,1
2019-04-24,myutr,15585777,61106,1360066,361812,,9.24,1360066,,7.32,"6-2, 6-1",15,1
2019-04-23,myutr,15530426,26469,190218,130897,,9.56,190218,6.46,6.59,"6-1, 6-2",15,1
2019-04-24,myutr,15541687,180926,1241758,944385,,3.12,1241758,3.0,1.49,"6-2, 6-1",15,1
2019-04-23,myutr,15530414,20728,154293,154293,9.18,9.31,114850,8.6,9.03,"6-1, 6-2",15,1
2019-04-26,myutr,15598207,102132,882682,882682,8.0,6.12,179750,,6.34,"6-1, 6-2",15,1
2019-04-26,myutr,15600850,86072,908926,908926,6.96,7.1,286345,,0.0,"6-3, 6-0",15,1
2019-04-25,myutr,15597089,195683,1360857,1360857,13.0,0.0,197710,10.0,8.89,"6-1, 6-2",15,1
2019-04-25,myutr,15585986,87458,837082,837082,6.0,0.0,1360113,,,"6-1, 6-2",15,0
2019-04-24,myutr,15585794,100500,1314535,1314535,12.0,9.71,367384,,5.12,"6-2, 6-1",15,1
2019-04-22,myutr,15530135,107975,1196318,147912,,9.82,1196318,6.31,6.36,"6-0, 6-3",15,1
2019-04-22,myutr,15530173,86968,243137,98463,,12.42,243137,8.49,8.47,"6-3, 6-0",15,1
2019-04-22,myutr,15530269,21185,96451,96451,9.89,9.91,183556,8.29,8.3,"6-1, 6-2",15,1
2019-04-25,myutr,15585952,125314,204286,204286,,7.85,171126,,7.85,"6-2, 6-1",15,1
2019-04-22,myutr,15530130,107975,1196318,1300125,7.62,7.91,1196318,6.31,6.36,"6-2, 6-1",15,1
2019-04-22,myutr,15530193,42321,99738,99738,7.84,7.71,248300,6.98,7.0,"6-2, 6-1",15,1
2019-04-23,myutr,15537012,81335,298589,298589,,9.34,267373,,7.44,"6-2, 6-1",15,0
2019-04-25,myutr,15585989,112646,100319,100319,14.0,10.18,125917,,8.28,"6-1, 6-2",15,1
2019-04-23,myutr,15537646,8260,5030,5030,,13.6,77493,13.12,13.56,"6-3, 6-0",15,1
2019-04-22,myutr,15530147,95119,1194571,414452,11.4,11.77,1194571,10.09,10.19,"6-1, 6-2",15,1
2019-04-25,myutr,15586030,112819,130923,130923,9.0,8.18,222031,,5.94,"6-3, 6-0",15,1
2019-04-23,myutr,15531856,134938,994649,994649,7.24,7.02,1036306,8.24,8.66,"6-2, 6-1",15,1
2019-04-18,myutr,15464560,152793,1180772,1180772,9.43,0.0,1330548,7.3,0.0,"6-2, 6-1",15,1
2019-04-26,myutr,15604424,93883,852379,852379,6.0,5.55,727733,,5.7,"6-1, 6-2",15,0
2019-04-24,myutr,15585772,19508,837733,837733,,9.37,103119,,8.69,"6-3, 6-0",15,1
2019-04-22,myutr,15530289,58838,126336,126336,8.89,8.94,240820,6.87,6.88,"6-1, 6-1",14,1
2019-04-23,myutr,15532973,126406,977776,977776,4.36,4.33,1028625,3.17,3.26,"6-0, 6-2",14,1
2019-01-05,myutr,14339511,5837,910217,910217,,12.2,121407,8.76,8.81,"6-1, 6-1",14,1
2019-04-23,myutr,15530392,92204,790542,790542,6.25,6.21,236555,5.56,5.68,"6-0, 6-2",14,1
2019-04-23,myutr,15531813,69640,251579,251579,5.32,5.21,787136,4.17,4.23,"6-0, 6-2",14,1
2019-04-25,myutr,15589510,24296,132153,803301,,8.65,132153,,7.0,"6-1, 6-1",14,1
2019-04-22,myutr,15530241,21185,96451,96451,9.89,9.91,262425,8.07,8.1,"6-2, 6-0",14,1
2019-04-24,myutr,15585774,19508,837733,837733,,9.37,977466,9.0,8.2,"6-1, 6-1",14,1
2019-04-23,myutr,15530403,76479,473586,473586,6.71,6.28,412882,6.75,6.65,"6-2, 6-0",14,1
2019-04-25,myutr,15597068,171228,1292078,1292078,1.0,0.0,525409,,0.0,8-6,14,0
2019-04-24,myutr,15568162,131535,980226,1358616,,,980226,3.0,0.0,"6-1, 6-1",14,0
2019-04-24,myutr,15546093,135088,258695,130897,,9.56,258695,3.93,0.0,"6-2, 6-0",14,1
2019-04-22,myutr,15530319,139330,546644,215527,6.61,6.57,546644,6.1,6.17,"6-2, 6-0",14,1
2019-04-24,myutr,15568247,13436,91537,91537,,9.08,615994,,7.31,"6-2, 6-0",14,1
2019-04-24,myutr,15541675,46171,945466,127876,,9.68,945466,9.0,8.28,"6-0, 6-2",14,1
2019-04-23,myutr,15531814,49159,260851,130132,9.6,9.6,260851,8.05,8.06,"6-0, 6-2",14,1
2019-04-25,myutr,15585940,112811,920979,157148,,7.58,920979,6.0,5.49,"6-1, 6-1",14,1
2019-04-23,myutr,15532344,66869,359933,359933,9.64,9.67,203753,,7.07,"6-0, 6-2",14,1
2019-04-24,myutr,15568164,131535,980226,980226,3.0,0.0,707393,,1.15,"6-1, 6-1",14,0
2019-04-25,myutr,15589241,28196,136474,136474,6.42,6.65,161417,,7.51,8-6,14,1
2019-04-23,myutr,15534481,37567,316064,316064,,7.69,1349014,,7.08,"6-1, 6-1",14,0
2019-04-25,myutr,15585844,182045,844203,555018,,2.57,844203,3.0,2.35,8-6,14,1
2019-04-23,myutr,15531823,24636,120926,120926,10.22,10.22,252040,8.88,8.91,"6-0, 6-2",14,1
2019-04-24,myutr,15557616,19508,837733,837733,,9.37,229449,,9.09,"6-2, 6-0",14,1
2019-04-23,myutr,15537651,172109,177665,177665,,5.45,265034,,4.05,8-6,14,1
2019-04-23,myutr,15537649,56280,291776,291776,,7.43,297549,,6.17,"6-4, 3-1",14,1
2019-04-24,myutr,15568245,195107,1358622,1358622,3.0,0.0,1358624,,,"6-1, 6-1",14,0
2019-04-22,myutr,15529896,67522,191250,191250,9.39,9.35,154221,8.43,8.46,"6-1, 6-1",14,1
2019-04-23,myutr,15534549,37567,316064,316064,,7.69,917201,,6.95,"6-0, 6-2",14,0
2019-04-23,myutr,15534025,80752,809885,809885,,3.84,396700,,3.43,"6-1, 6-1",14,1
2019-04-23,myutr,15530448,116088,177238,177238,4.61,4.67,374099,5.46,5.45,"6-3, 3-2",14,1
2019-04-19,myutr,15478603,152793,1180772,1180772,9.43,0.0,1327482,8.06,0.0,"6-1, 6-1",14,1
2019-04-23,myutr,15537695,155134,790271,790271,,4.55,992857,,2.51,"6-1, 6-1",14,1
2019-04-22,myutr,15530287,20175,191755,191755,5.81,5.71,436597,4.71,4.8,"6-2, 6-0",14,1
2019-04-24,myutr,15577590,163169,927392,927391,,,927392,,,"6-2, 3-3",14,0
2019-04-23,myutr,15537040,190072,1228488,1228488,,3.01,1313231,4.0,0.0,"6-2, 6-0",14,1
2019-04-25,myutr,15589564,178268,778318,778318,9.0,6.28,1360545,,,"6-0, 6-2",14,0
2019-04-24,myutr,15585757,195285,169865,169865,,0.0,236190,4.5,0.0,"6-2, 6-0",14,1
2019-04-23,myutr,15537702,28748,190134,190134,,9.89,1042583,11.5,9.54,"6-2, 6-0",14,1
2019-04-22,myutr,15530072,10134,212591,212591,8.6,8.95,962213,7.5,8.1,"6-0, 6-2",14,1
2019-04-24,myutr,15541700,77756,664272,664272,,3.67,496773,4.0,3.12,8-6,14,1
2019-04-25,myutr,15586223,72317,192971,192971,,7.58,290974,,7.02,"6-1, 6-1",14,1
2019-04-25,myutr,15585991,30841,107316,107316,,9.89,162597,,9.68,"6-1, 6-1",14,1
2019-04-26,myutr,15604400,162786,310297,310297,11.0,9.64,310479,,8.87,"6-2, 6-0",14,1
2019-04-23,myutr,15531821,69640,251579,251579,5.32,5.21,775840,5.14,5.54,"6-1, 6-1",14,1
2019-04-25,myutr,15597076,195683,1360857,1360857,13.0,0.0,176163,,7.96,"6-1, 6-1",14,1
2019-04-22,myutr,15530235,21185,96451,96451,9.89,9.91,120048,9.33,9.39,"6-2, 6-0",14,1
2019-04-23,myutr,15534307,117812,310461,310461,4.0,7.7,858867,,5.24,"6-0, 6-2",14,1
2019-04-24,myutr,15557606,169218,1287755,1287755,5.0,0.0,1013255,1.0,2.9,"6-2, 6-0",14,1
2019-04-22,myutr,15530125,78542,384138,384138,6.11,6.29,384444,3.79,3.86,"6-0, 6-2",14,1
2019-04-25,myutr,15589228,120668,140380,140380,8.0,6.97,299134,,6.77,"6-1, 6-1",14,1
2019-04-24,myutr,15568157,30790,284975,100319,14.0,10.18,284975,,6.6,"6-0, 6-2",14,1
2019-04-24,myutr,15557613,169218,1287755,1287755,5.0,0.0,943309,1.0,3.59,"6-1, 6-1",14,1
2019-04-23,myutr,15537716,39523,1286084,1286084,,8.2,116981,8.68,8.78,"7-6, 1-0",14,1
2019-04-25,myutr,15586219,112819,130923,130923,9.0,8.18,832770,,5.68,"6-2, 6-0",14,1
2019-04-23,myutr,15537644,128426,492982,302092,,8.79,492982,8.0,7.01,"3-5, 4-1, 1-0",14,1
2019-04-24,myutr,15566698,77902,937715,937715,6.5,2.33,1093487,2.63,2.64,8-6,14,1
2019-04-22,myutr,15530191,105275,893603,893603,6.0,5.31,883511,,1.87,"6-2, 6-0",14,1
2019-04-24,myutr,15582642,72843,312976,312976,,7.93,312975,,7.85,"6-1, 6-1",14,1
2019-04-22,myutr,15530215,42321,99738,99738,7.84,7.71,382538,,5.5,"6-0, 6-2",14,1
2019-04-24,myutr,15567954,38997,133650,120684,,0.0,133650,,7.61,8-6,14,1
2019-04-23,myutr,15533846,80752,809885,694312,,5.59,809885,,3.84,8-6,14,1
2019-04-24,myutr,15585532,72843,312976,311887,,9.08,312976,,7.93,"6-2, 6-0",14,1
2019-04-22,myutr,15530102,114580,214199,214199,4.91,4.8,858912,5.33,5.39,8-6,14,1
2019-04-22,myutr,15530274,21185,96451,96451,9.89,9.91,474969,,7.08,"6-0, 6-2",14,1
2019-04-22,myutr,15530138,130541,1233492,1233492,11.96,12.09,735680,11.89,12.33,"6-1, 6-1",14,1
2019-04-23,myutr,15530386,21185,96451,96451,9.89,9.91,169783,6.5,7.33,"6-2, 6-0",14,1
2019-04-24,myutr,15568029,162612,657448,657448,10.0,8.57,123143,,9.43,"6-1, 6-1",14,1
2018-11-13,myutr,13688093,97922,862588,916082,6.41,0.0,862588,4.58,0.0,"6-1, 6-1",14,1
2019-04-24,myutr,15585609,73464,875987,875987,,7.65,456048,,5.93,"6-0, 6-2",14,1
2019-04-24,myutr,15568185,23968,1309836,1309836,,10.41,80717,,9.8,"6-2, 6-0",14,1
2019-04-23,myutr,15530422,112906,921190,975896,7.41,7.37,921190,5.32,5.29,"6-1, 6-1",14,1
2019-04-22,myutr,15530239,21185,96451,96451,9.89,9.91,262425,8.07,8.1,"6-2, 6-0",14,1
2019-04-24,myutr,15552138,5602,192211,192211,11.0,8.75,72607,9.22,9.5,"6-2, 6-0",14,1
2019-04-24,myutr,15541686,79929,214671,214671,,7.5,728098,,0.0,"6-0, 6-1",13,1
2019-04-25,myutr,15598169,158412,700916,700916,,5.25,700917,,2.04,"6-0, 6-1",13,1
2019-04-22,myutr,15529959,62623,300612,300612,,7.13,1314249,,8.09,7-6,13,0
2019-04-24,myutr,15557614,169218,1287755,1287755,5.0,0.0,1013255,1.0,2.9,"6-1, 6-0",13,1
2019-04-24,myutr,15537803,20547,181919,102143,6.76,6.87,181919,5.88,5.86,8-5,13,1
2019-04-23,myutr,15536990,175126,1302922,63582,,7.57,1302922,,4.43,"6-0, 6-1",13,1
2019-04-22,myutr,15530179,86968,243137,217478,10.71,10.72,243137,8.49,8.47,"6-1, 6-0",13,1
2019-04-24,myutr,15585605,85593,229740,229740,,5.94,251579,5.32,5.21,"6-0, 6-1",13,1
2019-04-23,myutr,15537691,115336,235202,235202,8.0,8.81,762171,,8.02,"6-1, 6-0",13,1
2019-04-24,myutr,15541704,77756,664272,664272,,3.67,496773,4.0,3.12,8-5,13,1
2019-04-23,myutr,15537662,56280,291776,102600,,6.78,291776,,7.43,7-6,13,1
2019-04-23,myutr,15530375,26679,128481,128481,8.35,8.28,147651,9.13,9.17,7-6,13,1
2019-04-23,myutr,15530455,169637,1288337,1241575,1.34,1.12,1288337,1.6,1.29,"4-1, 5-3",13,1
2019-04-24,myutr,15585781,36563,182245,182245,,9.39,176049,,8.35,"6-1, 6-0",13,1
2019-04-22,myutr,15530176,86968,243137,119387,,11.58,243137,8.49,8.47,"6-1, 6-0",13,1
2019-04-24,myutr,15585716,114441,957111,957111,2.0,3.21,1027357,,4.17,8-5,13,0
2019-04-26,myutr,15604401,93883,852379,222720,,0.0,852379,6.0,5.55,"6-0, 6-1",13,0
2019-04-23,myutr,15537635,46236,242274,242274,3.09,0.0,284681,,0.0,"6-1, 6-0",13,1
2019-04-24,myutr,15563638,117643,370997,370997,7.0,7.37,472318,,6.46,"6-1, 6-0",13,1
2019-04-23,myutr,15531862,50229,131292,131292,7.02,7.03,561313,7.36,7.44,7-6,13,1
2019-04-24,myutr,15585727,157937,596074,596074,,5.04,637858,5.0,6.01,8-5,13,1
2019-04-24,myutr,15585813,175243,921794,921794,9.0,3.71,868141,1.0,2.1,7-6,13,1
2019-04-24,myutr,15565723,118922,937062,197488,,6.86,937062,6.0,0.0,"6-0, 6-1",13,1
2019-04-24,myutr,15552139,5602,192211,149507,,10.96,192211,11.0,8.75,"6-0, 6-1",13,1
2019-04-25,myutr,15585966,112646,100319,100319,14.0,10.18,100333,,9.43,"6-1, 6-0",13,1
2018-11-25,myutr,13856683,20325,129382,129382,6.6,6.97,946067,7.0,4.45,"6-1, 6-0",13,1
2019-04-25,myutr,15585956,29108,206996,206996,,7.27,129215,6.38,6.47,"6-1, 6-0",13,1
2019-04-23,myutr,15537610,22099,533893,950728,5.92,5.91,533893,,5.21,"4-2, 4-3",13,1
2019-04-23,myutr,15530380,9616,125857,125857,7.7,7.57,259548,6.35,6.52,"6-1, 6-0",13,1
2019-04-24,myutr,15585815,175243,921794,929337,5.0,4.21,921794,9.0,3.71,7-6,13,1
2019-04-25,myutr,15585845,163595,555018,555018,,2.57,634996,4.0,3.21,8-5,13,1
2019-04-23,myutr,15535171,188141,1331148,1331148,2.0,0.0,1357429,,,"6-1, 6-0",13,0
2019-04-25,myutr,15585983,112646,100319,100319,14.0,10.18,183641,,6.57,"6-1, 6-0",13,1
2019-04-23,myutr,15533460,179014,625197,977473,11.0,7.98,625197,,8.09,"4-3, 1-4, 1-0",13,1
2019-04-24,myutr,15563641,117643,370997,370997,7.0,7.37,640205,6.0,5.98,"6-1, 6-0",13,1
2019-04-24,myutr,15552147,5602,192211,396517,,10.64,192211,11.0,8.75,"6-1, 6-0",13,1
2019-04-23,myutr,15530381,9616,125857,125857,7.7,7.57,250706,5.94,5.98,"6-0, 6-1",13,1
2019-04-24,myutr,15585810,168603,1304117,1304117,,5.17,661961,6.0,5.51,"4-1, 5-3",13,1
2019-04-23,myutr,15537668,172989,883530,883530,,2.54,798761,,4.05,8-5,13,0
2019-04-24,myutr,15585724,114441,957111,957111,2.0,3.21,932405,5.0,2.96,"6-0, 6-1",13,1
2019-04-26,myutr,15604421,93883,852379,852379,6.0,5.55,727733,,5.7,"6-0, 6-1",13,0
2019-04-23,myutr,15535132,18741,837064,63808,12.5,9.4,837064,,6.75,"6-1, 6-0",13,1
2019-04-25,myutr,15589352,120851,1034821,1034821,6.0,5.93,885852,5.0,0.0,"6-0, 6-1",13,1
2019-04-22,myutr,15530320,26679,128481,128481,8.35,8.28,101832,9.08,9.1,7-6,13,1
2019-04-24,myutr,15568160,30790,284975,100328,,9.26,284975,,6.6,"6-0, 6-1",13,1
2019-04-23,myutr,15531858,50229,131292,131292,7.02,7.03,561313,7.36,7.44,7-6,13,1
2019-04-26,myutr,15601840,84681,726406,726406,,9.91,929681,9.93,9.93,"6-1, 6-0",13,1
2019-04-23,myutr,15537658,87129,265624,265624,,4.44,1241823,5.54,5.43,7-6,13,1
2019-04-26,myutr,15598285,88128,895230,895230,,2.25,1250154,,3.89,8-5,13,1
2019-04-23,myutr,15531861,50229,131292,131292,7.02,7.03,562109,,7.24,7-6,13,0
2019-04-24,myutr,15563629,194926,130197,137705,,8.22,130197,,6.9,"7-5, 1-0",13,1
2019-04-23,myutr,15535133,18741,837064,175923,,10.05,837064,,6.75,"6-0, 6-1",13,1
2019-04-23,myutr,15533132,25588,117603,117603,10.74,11.07,695048,8.64,9.11,"6-1, 6-0",13,1
2019-04-26,myutr,15598262,27998,206958,206958,,7.67,293142,,6.24,"6-1, 6-0",13,0
2019-04-22,myutr,15530099,114580,214199,214199,4.91,4.8,932009,5.52,5.56,8-5,13,1
2019-04-24,myutr,15577605,118980,136646,249851,,4.88,136646,,5.77,"6-1, 6-0",13,1
2019-04-22,myutr,15530112,27942,118074,118074,10.31,10.29,175137,,7.15,"6-1, 6-0",13,1
2019-04-23,myutr,15536993,176063,1303906,1303906,5.0,0.0,1357477,,,7-6,13,0
2019-04-22,myutr,15530243,8605,615738,615738,9.89,10.14,120936,9.97,10.21,"6-1, 6-0",13,1
2019-04-26,myutr,15600864,64141,308748,318000,16.0,5.92,308748,,5.12,"4-2, 4-2",12,1
2019-04-22,myutr,15530208,64382,210234,210234,8.79,8.77,139360,8.52,8.7,8-4,12,1
2019-04-24,myutr,15541688,35300,163298,163298,,9.06,926215,9.39,9.43,8-4,12,1
2019-04-23,myutr,15531855,104339,748810,748810,2.59,2.6,652323,3.42,3.33,8-4,12,1
2019-04-23,myutr,15531815,69640,251579,251579,5.32,5.21,381965,6.47,6.52,7-5,12,1
2019-04-25,myutr,15589580,128397,496770,496770,4.0,3.48,272575,6.0,2.68,8-4,12,1
2019-04-24,myutr,15541669,50229,131292,131292,7.02,7.03,561313,7.36,7.44,8-4,12,1
2019-04-26,myutr,15605160,37968,294859,294859,,5.91,363433,4.0,3.87,"6-0, 6-0",12,1
2019-04-26,myutr,15599240,195803,1360930,1360930,5.0,0.0,233519,,8.47,"1-3, 7-0, 1-0",12,1
2019-04-24,myutr,15585729,157937,596074,199086,,7.6,596074,,5.04,8-4,12,1
2019-04-24,myutr,15585539,116088,177238,177238,4.61,4.67,1288081,7.0,6.49,"4-2, 1-4, 1-0",12,1
2019-04-25,myutr,15598175,93754,1337015,1337015,7.0,5.19,235977,,6.35,7-5,12,1
2019-04-24,myutr,15585714,195235,1359994,1229302,5.66,5.32,1359994,16.0,0.0,7-5,12,1
2019-04-25,myutr,15589578,128397,496770,496770,4.0,3.48,811599,,4.09,8-4,12,1
2019-04-26,myutr,15604538,147572,201964,201964,12.0,6.71,234439,,5.76,"6-0, 6-0",12,1
2019-04-23,myutr,15532970,53563,285810,157243,7.6,7.55,285810,8.75,8.8,6-6,12,1
2019-04-23,myutr,15535157,153702,1192167,1024068,,4.48,1192167,4.56,0.0,7-5,12,0
2019-04-25,myutr,15589220,79089,950222,950222,7.5,7.54,881380,,7.17,"6-0, 0-6",12,1
2019-04-24,myutr,15541642,140388,897180,897180,,2.49,995291,,2.42,8-4,12,1
2019-04-24,myutr,15557609,117337,933223,933223,4.0,0.0,1358148,,,"4-2, 4-2",12,0
2019-04-26,myutr,15600863,64141,308748,308748,,5.12,395971,,5.54,"4-2, 4-2",12,1
2019-04-24,myutr,15541659,87892,838175,838175,6.5,3.32,1285254,6.0,0.0,"6-4, 0-2",12,1
2019-04-23,myutr,15537618,70807,446414,446414,,5.92,929397,7.0,5.99,8-4,12,1
2019-04-25,myutr,15597095,37877,245489,245489,,7.8,775416,,7.33,"6-0, 6-0",12,1
2019-04-25,myutr,15597085,195683,1360857,129082,,7.58,1360857,13.0,0.0,"6-0, 6-0",12,1
2019-04-22,myutr,15530107,186128,986829,133640,,7.55,986829,4.84,4.09,"5-3, 4-0",12,1
2019-04-22,myutr,15530104,114580,214199,214199,4.91,4.8,840485,4.15,4.09,8-4,12,1
2019-04-25,myutr,15597084,37877,245489,230673,,7.99,245489,,7.8,"6-0, 6-0",12,1
2019-04-26,myutr,15603722,22677,167346,167346,,6.23,256650,,5.48,"6-0, 6-0",12,1
2019-04-26,myutr,15598297,49545,436237,71560,10.0,9.68,436237,,7.55,7-5,12,1
2019-04-24,myutr,15541661,133615,1030645,89158,,7.16,1030645,6.0,5.65,8-4,12,1
2019-04-24,myutr,15585801,195324,932836,932836,,3.41,921794,9.0,3.71,7-5,12,1
2019-04-24,myutr,15541537,163202,1257833,214502,,6.01,1257833,4.0,3.73,8-3,11,1
2019-04-23,myutr,15531880,66869,359933,359933,9.64,9.67,85702,9.99,10.02,8-3,11,1
2019-04-23,myutr,15530462,33268,187394,187394,9.87,9.85,62812,9.85,10.05,8-3,11,1
2019-04-25,myutr,15594481,60727,151933,151933,,8.26,1022721,14.0,7.38,8-3,11,1
2019-04-24,myutr,15585760,114441,957111,957111,2.0,3.21,375589,,3.64,8-3,11,1
2019-04-22,myutr,15530086,93754,1337015,210260,,7.78,1337015,7.0,5.19,8-3,11,1
2019-04-24,myutr,15537799,69640,251579,251579,5.32,5.21,798064,6.0,4.48,"4-2, 4-1",11,1
2019-04-22,myutr,15530358,69026,250651,96652,,10.68,250651,7.96,7.92,8-3,11,1
2019-04-23,myutr,15537657,87129,265624,1241823,5.54,5.43,265624,,4.44,8-3,11,1
2019-01-20,myutr,14447743,64840,292052,292052,5.14,4.96,1240789,5.31,0.0,"4-3, 4-0",11,1
2019-04-24,myutr,15537801,69640,251579,111874,,7.15,251579,5.32,5.21,"4-2, 4-1",11,1
2019-04-24,myutr,15563650,9490,119494,119494,,9.47,1059882,9.0,9.02,8-3,11,1
2019-04-24,myutr,15541640,140388,897180,897180,,2.49,811600,,2.91,8-3,11,1
2019-04-22,myutr,15530355,144009,971008,971008,4.51,4.54,1031067,3.68,0.0,8-3,11,1
2019-04-26,myutr,15598231,77756,664272,844203,3.0,2.35,664272,,3.67,6-4,10,1
2019-04-24,myutr,15585807,195324,932836,929337,5.0,4.21,932836,,3.41,6-4,10,1
2019-04-23,myutr,15537659,87129,265624,1241823,5.54,5.43,265624,,4.44,6-4,10,1
2019-04-24,myutr,15566686,20448,251471,251471,6.4,6.55,986785,,3.79,8-2,10,1
2019-04-23,myutr,15535156,153702,1192167,1192167,4.56,0.0,1024068,,4.48,6-4,10,0
2019-04-26,myutr,15604422,93883,852379,727733,,5.7,852379,6.0,5.55,6-4,10,0
2019-04-23,myutr,15535127,114223,825056,1344682,7.0,3.03,825056,2.0,4.07,6-4,10,1
2019-04-26,myutr,15604055,182045,844203,844203,3.0,2.35,664272,,3.67,6-4,10,1
2019-04-24,myutr,15568190,141157,1019301,60988,,0.0,1019301,7.0,0.0,6-4,10,1
2019-04-26,myutr,15604455,61692,382282,300632,,10.43,382282,,7.6,6-4,10,1
2019-04-23,myutr,15537660,87129,265624,1241823,5.54,5.43,265624,,4.44,6-4,10,1
2019-04-22,myutr,15530077,91765,909618,909618,7.98,8.34,981248,6.83,7.37,8-2,10,1
2019-04-24,myutr,15541702,175094,379017,379017,,8.5,384479,,8.92,"4-0, 1-4, 1-0",10,1
2019-04-23,myutr,15530457,62081,254513,128266,10.62,10.59,254513,9.14,9.21,8-2,10,1
2019-04-24,myutr,15576538,169700,951920,951919,,3.19,951920,,2.08,8-2,10,1
2019-04-23,myutr,15533462,111136,977473,977473,11.0,7.98,311811,,6.65,"4-0, 4-2",10,1
2019-04-25,myutr,15585948,108467,1093380,1093380,8.0,5.54,1360095,,,8-2,10,0
2019-04-24,myutr,15585803,195324,932836,932836,,3.41,615852,,2.06,6-4,10,1
2019-04-24,myutr,15566710,77902,937715,748751,,4.57,937715,6.5,2.33,8-2,10,1
2019-04-22,myutr,15530164,127763,962835,962835,1.0,0.0,964488,2.7,0.0,"2-1, 2-2, 2-1",10,1
2019-04-26,myutr,15598334,195803,1360930,1360930,5.0,0.0,233519,,8.47,"6-0, 4-0",10,1
2019-04-24,myutr,15577579,169738,951919,951919,,3.19,1353231,,1.05,8-2,10,1
2019-04-24,myutr,15577027,106049,266310,266310,,7.06,272594,,6.19,6-4,10,1
2019-04-24,myutr,15542676,154720,892925,892925,4.0,4.79,995163,5.0,4.59,6-4,10,1
2019-04-24,myutr,15563648,39809,195005,195005,,9.14,375916,,8.02,6-4,10,0
2019-04-24,myutr,15537775,59219,205924,205924,,6.15,1009148,,6.21,8-2,10,1
2019-04-23,myutr,15537170,128306,1344682,1344682,7.0,3.03,825056,2.0,4.07,6-4,10,1
2019-04-24,myutr,15537766,70807,446414,446414,,5.92,294767,,6.48,8-2,10,0
2019-04-24,myutr,15585817,175243,921794,295920,,2.19,921794,9.0,3.71,6-4,10,1
2019-04-23,myutr,15530416,126586,619577,246892,5.74,5.76,619577,4.69,4.67,"0-4, 4-1, 1-0",10,1
2019-04-24,myutr,15563647,39809,195005,195005,,9.14,956332,1.0,8.21,6-4,10,1
2019-04-22,myutr,15530137,116493,992430,992430,6.05,6.02,976432,6.21,6.59,8-2,10,1
2019-04-22,myutr,15530155,157955,929462,929462,4.64,4.63,833221,3.86,3.91,8-2,10,1
2019-04-22,myutr,15529889,87731,218629,218629,9.38,9.35,244999,8.97,9.01,"4-2, 4-0",10,1
2019-04-23,myutr,15530453,169637,1288337,1284237,2.3,2.33,1288337,1.6,1.29,"4-2, 4-0",10,1
2019-04-23,myutr,15535033,114223,825056,1284627,,0.0,825056,2.0,4.07,6-3,9,1
2019-04-24,myutr,15585709,20448,251471,251471,6.4,6.55,1290664,,7.19,8-1,9,1
2019-04-23,myutr,15537326,77756,664272,664272,,3.67,844203,3.0,2.35,6-3,9,1
2019-04-22,myutr,15530085,101921,408850,408850,4.98,4.97,669724,4.1,4.13,8-1,9,1
2019-04-24,myutr,15541544,127973,964393,964393,6.5,0.0,412878,5.0,5.31,6-3,9,1
2019-04-24,myutr,15563649,9490,119494,119494,,9.47,1059882,9.0,9.02,8-1,9,1
2019-04-22,myutr,15530249,153702,1192167,884130,4.98,4.98,1192167,4.56,0.0,6-3,9,1
2019-04-24,myutr,15585730,157937,596074,199086,,7.6,596074,,5.04,8-1,9,1
2018-12-05,myutr,14016565,19189,165468,165468,9.39,9.62,1287740,8.77,8.86,"4-0, 4-1",9,1
2019-01-20,myutr,14447742,64840,292052,292052,5.14,4.96,845460,4.84,4.83,"4-0, 4-1",9,1
2019-04-23,myutr,15535160,153702,1192167,1192167,4.56,0.0,399712,,3.05,6-3,9,0
2019-04-22,myutr,15530351,69026,250651,250651,7.96,7.92,224556,8.22,8.28,8-1,9,1
2019-04-23,myutr,15537708,113922,247753,247753,,7.44,171822,,6.17,8-1,9,1
2019-04-24,myutr,15585742,93754,1337015,1337015,7.0,5.19,800701,,5.17,7-2,9,1
2019-04-24,myutr,15585610,191404,174341,850318,,4.19,174341,,0.0,6-3,9,1
2019-04-22,myutr,15530181,95119,1194571,116667,10.29,10.28,1194571,10.09,10.19,"4-1, 4-0",9,1
2019-04-25,myutr,15598184,190155,207252,102465,16.0,6.83,207252,5.0,3.61,8-1,9,1
2019-04-24,myutr,15565734,59247,119298,119298,,7.68,188207,,8.74,6-3,9,1
2019-04-25,myutr,15594908,178255,938824,1228410,10.0,0.0,938824,9.0,5.4,6-3,9,1
2019-04-25,myutr,15586275,60727,151933,151933,,8.26,1022721,14.0,7.38,8-1,9,1
2019-04-25,myutr,15589571,186220,1327518,719318,,3.13,1327518,5.0,0.0,6-3,9,1
2019-04-22,myutr,15530124,93754,1337015,1337015,7.0,5.19,883530,,2.54,8-1,9,1
2019-04-26,myutr,15598331,195803,1360930,1360930,5.0,0.0,233519,,8.47,"6-0, 3-0",9,1
2019-04-24,myutr,15585802,195324,932836,932836,,3.41,295920,,2.19,6-3,9,1
2019-04-23,myutr,15533393,181733,658684,658684,2.54,0.0,1333433,4.02,4.14,6-3,9,1
2019-04-25,myutr,15594406,93326,390079,390079,,0.0,408470,,7.13,"4-1, 4-0",9,1
2019-04-24,myutr,15541678,11612,791362,791362,,10.47,101027,,11.3,6-3,9,1
2019-04-24,myutr,15585536,143330,410812,918728,,2.44,410812,5.0,0.0,5-4,9,1
2019-04-22,myutr,15530081,117130,932649,1357006,,,932649,4.5,0.0,6-3,9,0
2019-04-24,myutr,15541655,194933,1357689,743106,,5.15,1357689,4.0,0.0,6-3,9,1
2019-04-23,myutr,15531875,78479,118759,118759,9.76,9.72,241928,10.94,10.98,6-3,9,1
2019-04-24,myutr,15541677,11612,791362,791362,,10.47,660655,,11.77,6-3,9,1
2019-01-20,myutr,14447737,64840,292052,292052,5.14,4.96,913354,3.96,4.0,"4-0, 4-0",8,1
2019-04-26,myutr,15600851,180846,1326287,228839,,6.87,1326287,3.0,2.1,8-0,8,1
2019-04-24,myutr,15577580,169738,951919,951919,,3.19,1353140,2.0,1.57,8-0,8,1
2019-04-24,myutr,15585764,140662,297368,1310047,16.0,5.6,297368,11.0,4.92,4-4,8,1
2019-04-22,myutr,15530146,127763,962835,962835,1.0,0.0,964487,2.0,0.0,"1-1, 2-1, 2-1",8,1
2019-04-22,myutr,15530317,26679,128481,128481,8.35,8.28,259489,7.17,7.19,6-2,8,1
2019-04-25,myutr,15585967,133602,960623,960623,,5.39,811565,10.0,4.55,8-0,8,1
2019-04-23,myutr,15530395,122969,948093,948093,5.2,0.0,916955,4.54,0.0,"4-0, 4-0",8,1
2019-04-24,myutr,15566681,20448,251471,251471,6.4,6.55,191373,7.0,6.1,8-0,8,1
2019-04-24,myutr,15568335,143614,841177,558126,,6.45,841177,4.0,2.76,6-2,8,1
2019-04-24,myutr,15585805,195324,932836,932836,,3.41,868141,1.0,2.1,6-2,8,1
2019-04-25,myutr,15598193,190155,207252,102465,16.0,6.83,207252,5.0,3.61,6-2,8,1
2019-04-23,myutr,15531851,128616,206194,206194,7.37,7.33,232717,,8.59,6-2,8,1
2019-04-23,myutr,15537733,121340,839901,1022749,,7.92,839901,6.58,6.8,6-2,8,1
2019-04-22,myutr,15529890,87731,218629,218629,9.38,9.35,243836,8.46,8.47,"4-0, 4-0",8,1
2019-04-24,myutr,15585812,175243,921794,921794,9.0,3.71,1015947,6.0,2.74,6-2,8,1
2019-04-22,myutr,15530116,193314,1350648,1357016,,,1350648,7.0,0.0,6-2,8,0
2019-04-23,myutr,15537687,88254,137784,137784,,9.35,148361,,10.1,6-2,8,1
2019-04-22,myutr,15530312,26679,128481,128481,8.35,8.28,194689,10.36,10.49,6-2,8,1
2019-04-26,myutr,15598337,195803,1360930,1360930,5.0,0.0,1027559,,3.63,8-0,8,0
2019-04-22,myutr,15530248,83864,262196,262196,4.0,3.9,1309306,,1.19,6-2,8,0
2019-04-22,myutr,15530083,25214,60920,60920,1.79,0.0,61611,2.38,0.0,6-2,8,1
2019-04-23,myutr,15530401,97922,862588,1341399,6.0,0.0,862588,4.58,0.0,6-2,8,0
2019-04-24,myutr,15585606,195196,1359942,981638,,3.34,1359942,6.0,0.0,6-1,7,1
2019-04-23,myutr,15530433,177449,1297090,375900,,6.15,1297090,,1.9,6-1,7,1
2019-04-22,myutr,15530328,105844,980319,980319,3.0,4.67,644506,,0.0,6-1,7,0
2019-04-22,myutr,15530308,26679,128481,128481,8.35,8.28,197367,6.72,6.76,6-1,7,1
2019-03-21,myutr,15048180,76825,1191713,1191713,7.19,7.13,1313441,8.91,9.11,6-1,7,1
2019-01-07,myutr,14343192,16379,1063238,1063238,7.67,0.0,588094,5.33,0.0,6-1,7,1
2019-04-24,myutr,15537777,42271,213654,213654,8.93,8.64,119823,,10.75,"2-2, 2-1",7,1
2019-03-17,myutr,15018313,172308,1295295,1296774,8.27,0.0,1295295,6.42,0.0,4-3,7,1
2019-04-23,myutr,15530436,137806,194671,194671,3.29,3.25,374199,3.85,3.92,6-1,7,1
2019-04-23,myutr,15537699,140685,1353104,1353104,11.54,0.0,200820,10.03,10.24,6-1,7,1
2019-04-24,myutr,15585804,195324,932836,932836,,3.41,1015947,6.0,2.74,6-1,7,1
2019-04-23,myutr,15537706,26679,128481,128481,8.35,8.28,116031,,7.29,6-1,7,1
2019-02-13,myutr,14714830,19189,165468,165468,9.39,9.62,1287740,8.77,8.86,4-3,7,1
2019-03-02,myutr,14873271,172308,1295295,1295295,6.42,0.0,1296776,6.29,0.0,4-3,7,1
2019-04-24,myutr,15585811,175243,921794,921794,9.0,3.71,615852,,2.06,6-1,7,1
2019-03-23,myutr,15072560,172308,1295295,1295295,6.42,0.0,1316139,6.12,0.0,4-3,7,1
2019-04-26,myutr,15600837,82970,245135,245135,,5.44,368280,,6.64,6-1,7,1
2019-04-26,myutr,15598225,186220,1327518,1327518,5.0,0.0,943786,5.5,1.76,6-1,7,1
2019-04-23,myutr,15537018,182045,844203,844203,3.0,2.35,496773,4.0,3.12,4-2,6,1
2019-03-02,myutr,14873277,172308,1295295,1295295,6.42,0.0,1298234,5.42,0.0,4-2,6,1
2019-04-24,myutr,15585806,195324,932836,932836,,3.41,918773,,2.82,6-0,6,1
2019-04-25,myutr,15589575,178255,938824,938824,9.0,5.4,1360567,,,6-0,6,0
2019-04-24,myutr,15585711,135789,996344,996344,8.0,8.19,1199766,8.0,0.0,6-0,6,1
2019-04-24,myutr,15577028,106049,266310,266310,,7.06,240204,,4.94,6-0,6,1
2019-04-25,myutr,15589579,195196,1359942,1359942,6.0,0.0,713858,,4.76,6-0,6,1
2019-04-25,myutr,15589574,178255,938824,938824,9.0,5.4,1360567,,,6-0,6,0
2019-04-23,myutr,15530435,169637,1288337,1288337,1.6,1.29,1325635,1.17,0.0,4-1,5,1
2019-04-22,myutr,15530126,193314,1350648,1350648,7.0,0.0,1357016,,,4-1,5,0
2019-04-22,myutr,15530189,187980,1330909,1010883,6.0,4.78,1330909,1.0,1.76,4-1,5,1
2019-03-02,myutr,14873278,172308,1295295,1296774,8.27,0.0,1295295,6.42,0.0,4-1,5,1
2019-04-22,myutr,15530111,172640,1105093,1197422,5.0,2.81,1105093,2.0,1.89,3-2,5,1
2019-03-23,myutr,15072565,172308,1295295,1307163,6.43,0.0,1295295,6.42,0.0,4-1,5,1
2019-03-23,myutr,15072566,172308,1295295,1296774,8.27,0.0,1295295,6.42,0.0,4-1,5,1
2019-04-08,myutr,15253420,172308,1295295,1296774,8.27,0.0,1295295,6.42,0.0,4-1,5,1
2019-04-23,myutr,15537653,180701,1033555,819342,,5.82,1033555,9.0,2.82,4-0,4,1
2019-04-26,myutr,15598328,195803,1360930,1360930,5.0,0.0,233519,,8.47,4-0,4,1
2019-04-23,myutr,15530439,169637,1288337,1317796,5.39,0.0,1288337,1.6,1.29,4-0,4,1
2019-04-08,myutr,15253419,172308,1295295,1295295,6.42,0.0,1296776,6.29,0.0,4-0,4,1
2019-03-02,myutr,14873274,172308,1295295,1295295,6.42,0.0,1298793,2.75,0.0,4-0,4,1
2019-04-08,myutr,15253418,172308,1295295,1295295,6.42,0.0,1298234,5.42,0.0,4-0,4,1
2019-03-23,myutr,15072561,172308,1295295,1295295,6.42,0.0,1298793,2.75,0.0,4-0,4,1
2019-04-24,myutr,15568163,32661,928045,928045,,5.02,841250,,6.01,3-0,3,1
2019-04-26,myutr,15598278,49545,436237,436237,,7.55,292687,,9.3,1-1,2,1
2019-04-25,myutr,15598185,111883,743716,743716,7.0,6.52,172561,,8.48,0-1,1,1
2019-04-26,myutr,15598280,149500,292687,436237,,7.55,292687,,9.3,0-1,1,1
2019-04-25,myutr,15589356,83895,819427,841248,1.0,4.36,819427,,6.6,0-0,0,1
2019-04-25,myutr,15597098,2634,729511,245489,,7.8,729511,7.44,7.48,0-0,0,1
2019-04-24,myutr,15541639,27998,206958,1042774,6.0,4.03,206958,,7.67,0-0,0,1
2019-04-23,myutr,15537686,115336,235202,235202,8.0,8.81,262312,,6.0,0-0,0,1
2019-04-25,myutr,15589567,83895,819427,841248,1.0,4.36,819427,,6.6,0-0,0,1
2019-04-22,myutr,15529903,101008,794656,794656,5.73,5.79,815244,4.17,4.17,0-0,0,1
2019-04-26,myutr,15598215,77809,152300,152300,,11.06,857008,8.0,7.16,0-0,0,1
2019-04-25,myutr,15598196,193970,1353059,1353059,16.0,0.0,184130,,7.53,0-0,0,1
2019-04-24,myutr,15585842,170935,957530,957530,4.0,3.0,934658,,2.89,0-0,0,1
2019-04-25,myutr,15589570,77744,652675,841248,1.0,4.36,652675,11.0,5.36,0-0,0,1
2019-04-25,myutr,15589573,52405,66890,66890,,10.19,318689,,12.87,0-0,0,1
2019-04-23,myutr,15537689,115336,235202,235202,8.0,8.81,261513,,7.93,0-0,0,1
2019-04-25,myutr,15589561,52343,122164,1191506,10.0,0.0,122164,,6.82,0-0,0,1
2019-04-22,myutr,15529904,101008,794656,832251,6.05,6.02,794656,5.73,5.79,0-0,0,1
2019-04-25,myutr,15589551,82657,233775,233775,8.0,7.58,122164,,6.82,0-0,0,1
2019-04-25,myutr,15589577,45015,593349,593349,,5.15,1359942,6.0,0.0,0-0,0,1
2019-04-26,myutr,15604412,129120,183599,120336,,10.26,183599,13.0,9.63,0-0,0,1
2019-04-26,myutr,15604420,82219,178480,836795,,0.0,178480,,9.5,0-0,0,1
2019-04-26,myutr,15598266,32937,289507,289507,,5.92,238770,10.0,5.77,0-0,0,1
2019-04-25,myutr,15589677,73105,292736,292735,,4.87,292736,,5.67,0-0,0,1
2019-04-25,myutr,15598183,171363,310316,310316,,8.86,304039,,8.78,0-0,0,1
2019-04-23,myutr,15537690,115336,235202,268821,,8.39,235202,8.0,8.81,0-0,0,1
